{
  "results": [
    {
      "command": "\"benchmark_plugingetset\" \"benchmarks/data/generated_1000\" user yamlcpp get",
      "mean": 0.03518731947743588,
      "stddev": 0.0029794721862400762,
      "user": 0.009102564102564109,
      "system": 0.0010256410256410256,
      "min": 0.029138270580000004,
      "max": 0.05090954458,
      "times": [
        0.036177188580000005,
        0.035176305580000004,
        0.03338748858,
        0.03542567558,
        0.03615320058,
        0.03331477958,
        0.03477494458,
        0.031156763580000003,
        0.035255388580000005,
        0.03503878758,
        0.03452531758,
        0.04018835858,
        0.03479602658,
        0.034824215580000005,
        0.05090954458,
        0.03549290258,
        0.03296517158,
        0.03799406658,
        0.03342716558,
        0.03588089458,
        0.03423086158,
        0.03638634158,
        0.036274373580000005,
        0.036606277580000006,
        0.033550787580000005,
        0.036130705580000005,
        0.036886705580000005,
        0.03679766258,
        0.03970815358,
        0.04058000558,
        0.039836776580000004,
        0.03550547758,
        0.03725532158,
        0.03752807358,
        0.03433587558,
        0.03441552258,
        0.04069651858,
        0.035786793580000004,
        0.033530105580000004,
        0.032780144580000004,
        0.035483045580000004,
        0.03593522458,
        0.03643098258,
        0.03928666158,
        0.034116360580000005,
        0.03516058058,
        0.03716288458,
        0.03655607558,
        0.03304162258,
        0.03133392958,
        0.03436972558,
        0.036536976580000005,
        0.03234624458,
        0.03345151258,
        0.035552860580000005,
        0.035469635580000006,
        0.03316407758,
        0.034029233580000005,
        0.03497025358,
        0.035541300580000004,
        0.03407603858,
        0.035913756580000004,
        0.03326947258,
        0.03377550858,
        0.036552481580000004,
        0.03754022458,
        0.036200907580000004,
        0.03559604258,
        0.03166466358,
        0.030601792580000002,
        0.03240526358,
        0.029138270580000004,
        0.029817104580000003,
        0.03066874058,
        0.03131605258,
        0.03415626258,
        0.033700505580000005,
        0.032591970580000004
      ]
    },
    {
      "command": "\"benchmark_plugingetset\" \"benchmarks/data/generated_1000\" user yanlr get",
      "mean": 0.034003287455,
      "stddev": 0.00442158251304462,
      "user": 0.008750000000000006,
      "system": 0.0013636363636363635,
      "min": 0.02869357658,
      "max": 0.047986070580000005,
      "times": [
        0.032115169580000005,
        0.03178743958,
        0.029451791580000004,
        0.030078020580000003,
        0.03109676358,
        0.02888416758,
        0.030055504580000003,
        0.030292545580000003,
        0.030002098580000004,
        0.03143667658,
        0.029170035580000003,
        0.031340465580000004,
        0.02869357658,
        0.029702662580000004,
        0.03181850958,
        0.03003990458,
        0.03157722058,
        0.02880107658,
        0.030078338580000002,
        0.03022707158,
        0.03129173158,
        0.03264636958,
        0.033671016580000004,
        0.03297936658,
        0.034700745580000004,
        0.03285081058,
        0.03353553058,
        0.035306988580000004,
        0.04659814458,
        0.04218887358,
        0.038882333580000004,
        0.03997766658,
        0.03987439058,
        0.03969989258,
        0.03502513258,
        0.04534547658,
        0.038926718580000005,
        0.035670108580000005,
        0.03832054058,
        0.03300623358,
        0.04327232458,
        0.03691418258,
        0.041574862580000004,
        0.03740954758,
        0.041900369580000006,
        0.04081595658,
        0.041711593580000005,
        0.039386920580000005,
        0.03979354058,
        0.04126045158,
        0.03363811458,
        0.03477261258,
        0.03286204058,
        0.035411818580000004,
        0.029709635580000004,
        0.031591465580000005,
        0.030780480580000005,
        0.03136954158,
        0.02896233758,
        0.03517221058,
        0.033398369580000004,
        0.03398753258,
        0.03268019258,
        0.031852842580000006,
        0.030894002580000003,
        0.03280968958,
        0.03417367058,
        0.03232311358,
        0.03336648058,
        0.02926364558,
        0.03079055058,
        0.030281655580000004,
        0.03062219058,
        0.03400775158,
        0.03556352258,
        0.03078676358,
        0.031222556580000005,
        0.030524961580000003,
        0.030726329580000003,
        0.03102740658,
        0.033558014580000003,
        0.034828344580000004,
        0.03190280458,
        0.032000704580000004,
        0.047986070580000005,
        0.03274878558,
        0.03184092358,
        0.031663300580000005
      ]
    },
    {
      "command": "\"benchmark_plugingetset\" \"benchmarks/data/generated_1000\" user yambi get",
      "mean": 0.02533197752117647,
      "stddev": 0.002345926062060619,
      "user": 0.0005042016806722689,
      "system": 0.0,
      "min": 0.020464831580000002,
      "max": 0.038936262580000006,