{
  "results": [
    {
      "command": "\"benchmark_plugingetset\" \"benchmarks/data/generated\" user yamlcpp get",
      "mean": 0.13936539623000002,
      "stddev": 0.0027983289253309123,
      "user": 0.11550000000000005,
      "system": 0.0035000000000000005,
      "min": 0.13424485548000004,
      "max": 0.14409908848000003,
      "times": [
        0.14195240448000002,
        0.14409908848000003,
        0.14078035548,
        0.13978620347999998,
        0.14378451547999999,
        0.13893622648000004,
        0.14045835148000002,
        0.13961885948000002,
        0.14376006848,
        0.13424485548000004,
        0.13849718348,
        0.14193211148,
        0.13698289248,
        0.13856805448000004,
        0.13656829148,
        0.13935321748,
        0.13693246848,
        0.13557965948,
        0.13914420248000003,
        0.13632891448
      ]
    },
    {
      "command": "\"benchmark_plugingetset\" \"benchmarks/data/generated\" user yanlr get",
      "mean": 0.12366870610500001,
      "stddev": 0.0022290405291083126,
      "user": 0.09208333333333336,
      "system": 0.01,
      "min": 0.12053357948000001,
      "max": 0.13053558248000002,
      "times": [
        0.12209524248,
        0.12412657548000001,
        0.12053357948000001,
        0.12610749348,
        0.12195451148000001,
        0.12195220048000001,
        0.12332701948000001,
        0.12094457948000001,
        0.12195671148000001,
        0.12480006348000001,
        0.12346206548000001,
        0.12596963247999998,
        0.13053558248000002,
        0.12303890748,
        0.12130094148000001,
        0.12426594348000002,
        0.12247608248000001,
        0.12363455948,
        0.12225787048,
        0.12534084448,
        0.12563690848000003,
        0.12177466648,
        0.12478949948,
        0.12576746548
      ]
    },
    {
      "command": "\"benchmark_plugingetset\" \"benchmarks/data/generated\" user yambi get",
      "mean": 0.06496111979818181,
      "stddev": 0.002449896968938877,
      "user": 0.04181818181818184,
      "system": 0.003636363636363636,
      "min": 0.06107986948000001,
      "max": 0.07248143848000001,
      "times": [
        0.06494907548000001,
        0.06569741048000001,
        0.06241487248000001,
        0.06511570448000001,
        0.06220145548,
        0.06568110248,
        0.06518243948,
        0.06689696848,
        0.06137978748,
        0.06484388448,
        0.06315664048,
        0.06485233048,
        0.06715599148000001,
        0.06742288948,
        0.06212842948000001,
        0.06269725248000001,
        0.06306453948,
        0.06381638648,
        0.06552302348,
        0.06405344948000001,
        0.06669438948,
        0.06650528948000001,
        0.06181086148000001,
        0.06199873848000001,
        0.06786181748,
        0.06695704848,
        0.06670059648,
        0.07070894148000001,
        0.07248143848000001,
        0.06458292048,
        0.06727625648,
        0.06841604448000001,
        0.06672970748000001,
        0.06621186448000001,
        0.062376304480000005,
        0.06393808448,
        0.06494990048,
        0.06184958848000001,
        0.06404173948,
        0.06417528448000001,
        0.06604298748000001,
        0.06413264648,
        0.06107986948000001,
        0.06253331748
      ]
    },
    {
      "command": "\"benchmark_plugingetset\" \"benchmarks/data/generated\" user yawn get",
      "mean": 0.07734001672999999,
      "stddev": 0.0025888214697836597,
      "user": 0.0516666666666667,
      "system": 0.008055555555555557,
      "min": 0.07219322548,
      "max": 0.08308083148,
      "times": [
        0.08032454148000001,
        0.07897120948,
        0.07514549548,
        0.07589296948,
        0.07948432548,
        0.07916829648000001,
        0.07512545348,
        0.07731149048000001,
        0.07687836048,
        0.08004494648,
        0.07794972548000001,
        0.08009677548000001,
        0.07777647448000001,
        0.07892814648,
        0.08010077348000001,
        0.07614683048000001,
        0.08104036448,
        0.08308083148,
        0.08019513248,
        0.07864098848000001,
        0.07966851048000001,
        0.07415229948,
        0.07500595048,
        0.07497237848,
        0.07279835848,
        0.07631985748,
        0.08027358548,
        0.07547896548000001,
        0.07507896148000001,
        0.07466268748,
        0.07515771448,
        0.07642793048,
        0.07951709148000001,
        0.07487652748000001,
        0.07535342648,
        0.07219322548
      ]
    },
    {
      "command": "\"benchmark_plugingetset\" \"benchmarks/data/generated\" user yaypeg get",
      "mean": 0.15678382836888888,
      "stddev": 0.0057013804543112456,
      "user": 0.13055555555555554,
      "system": 0.005555555555555555,
      "min": 0.15017882248000003,
      "max": 0.16760937748,
      "times": [
        0.15660117648,
        0.16585755748000003,
        0.16760937748,
        0.15224452348,
        0.15795636448,
        0.16360360248,
        0.15959814948,
        0.16190570948,
        0.15017882248000003,
        0.15170878048000003,
        0.15299064248,
        0.15299874948000003,
        0.15229394848,
        0.15159951948,
        0.16467150048,
        0.15115553148,
        0.15544631648,
        0.15368863848000003
      ]
    }
  ]
}
