{
  "results": [
    {
      "command": "\"benchmark_plugingetset\" \"benchmarks/data/generated_100\" user yamlcpp get",
      "mean": 0.023776594673389825,
      "stddev": 0.0013472241983548362,
      "user": 0.0,
      "system": 0.0,
      "min": 0.01998914847,
      "max": 0.02891921347,
      "times": [
        0.02354008347,
        0.02381247747,
        0.02735361647,
        0.02280632347,
        0.02462273547,
        0.02387021047,
        0.02338961047,
        0.02324563147,
        0.02450359947,
        0.02530792447,
        0.02456538247,
        0.02261975147,
        0.02318055947,
        0.02295200047,
        0.02433963647,
        0.02268510047,
        0.02409299947,
        0.024271494470000002,
        0.01998914847,
        0.022318224470000002,
        0.02499188247,
        0.02891921347,
        0.02368881147,
        0.02343570747,
        0.02200070347,
        0.02439911247,
        0.02602172247,
        0.02353116747,
        0.02258457947,
        0.02384183447,
        0.02559812547,
        0.02480077347,
        0.02410652447,
        0.02471091547,
        0.02474581347,
        0.025980386470000002,
        0.026881008470000002,
        0.02612726547,
        0.02591221547,
        0.02481480647,
        0.02298568947,
        0.02496462247,
        0.02607718247,
        0.02533706447,
        0.02567041247,
        0.02733715847,
        0.02574809447,
        0.02469603247,
        0.02408572347,
        0.02512760147,
        0.02398626647,
        0.02545946547,
        0.02417944347,
        0.02448240047,
        0.02297146047,
        0.02283402547,
        0.02205756747,
        0.02361323747,
        0.02249617647,
        0.02268148247,
        0.02208182747,
        0.02354509147,
        0.02374545647,
        0.02340723847,
        0.02116559447,
        0.02172649147,
        0.02351941347,
        0.02362890347,
        0.02190132447,
        0.022378984470000002,
        0.02272490447,
        0.02275144447,
        0.02231300447,
        0.02291781847,
        0.02355296847,
        0.02418149247,
        0.02382963547,
        0.02274925447,
        0.02327171247,
        0.02301567047,
        0.02271163947,
        0.02284626447,
        0.02320992147,
        0.02403611247,
        0.02339119247,
        0.02304593747,
        0.023837691470000002,
        0.02323618447,
        0.02116446447,
        0.02571251347,
        0.02330089447,
        0.024142196470000002,
        0.02305896047,
        0.02401726947,
        0.02454892747,
        0.02512595147,
        0.02368611547,
        0.02403179247,
        0.02286878947,
        0.02345345947,
        0.02363817647,
        0.02406049847,
        0.02277005247,
        0.02333109647,
        0.02337996047,
        0.02137566947,
        0.023587651470000002,
        0.02285362347,
        0.022056359470000002,
        0.022637606470000002,
        0.02292137247,
        0.02354482347,
        0.02451400347,
        0.02380202847,
        0.02308367147,
        0.02323139747,
        0.02390926647,
        0.02375621647
      ]
    },
    {
      "command": "\"benchmark_plugingetset\" \"benchmarks/data/generated_100\" user yanlr get",
      "mean": 0.02326272367338983,
      "stddev": 0.0014194637419048153,
      "user": 0.0,
      "system": 0.0,
      "min": 0.01885666347,
      "max": 0.02682832747,
      "times": [
        0.02358240047,
        0.02334877247,
        0.02287868247,
        0.02358770447,
        0.02325721947,
        0.02130132447,
        0.02118521747,
        0.02319536947,
        0.02196045747,
        0.02302829347,
        0.02272467247,
        0.02465338347,
        0.02316740147,
        0.02456526347,
        0.02054598247,
        0.02056279447,
        0.02321464347,
        0.02320858947,
        0.02387391647,
        0.02435489747,
        0.02278624447,
        0.02327485247,
        0.02362887547,
        0.02422400247,
        0.02201516047,
        0.02467828047,
        0.02391180847,
        0.02408907347,
        0.02370722947,
        0.02303206147,
        0.02163182747,
        0.02428389447,
        0.02317422847,
        0.02563387947,
        0.02497536747,
        0.02277271247,
        0.02331922047,
        0.02174689547,
        0.02346850847,
        0.02339492347,
        0.02459498047,
        0.02479051047,
        0.02279579847,
        0.02269023147,
        0.02272216047,
        0.023675080470000002,
        0.02381622847,
        0.02345306147,
        0.02272881747,
        0.02496589547,
        0.02310522647,
        0.02279518647,
        0.02303129647,
        0.02535091447,
        0.02227647447,
        0.02127141447,
        0.01885666347,
        0.02055835247,
        0.02290212847,
        0.02362497547,
        0.02648437347,
        0.02154593347,
        0.02457750047,
        0.02093895447,
        0.02281259547,
        0.02417451247,
        0.02383531747,
        0.02296022847,
        0.02288275247,
        0.02469367747,
        0.02204130647,
        0.02288086747,
        0.02190608647,
        0.02677662447,
        0.02382076547,
        0.02323330347,
        0.02411173447,
        0.02516064547,
        0.02274686847,
        0.02341426947,
        0.02094063347,
        0.02329341547,
        0.02369421147,
        0.02396321947,
        0.02443098047,
        0.024357163470000002,
        0.02314445547,
        0.02438272947,
        0.02244264047,
        0.02103735947,
        0.02273891447,
        0.023482946470000002,
        0.02031862547,
        0.02682832747,
        0.02400273847,
        0.02273636647,
        0.02090774247,
        0.02385830547,
        0.02069521047,
        0.02458171147,
        0.02372103447,
        0.02278533147,
        0.024197182470000002,
        0.02203459947,
        0.02293773047,
        0.02408802747,
        0.02341419947,
        0.02419146547,
        0.02121208747,
        0.02435311447,
        0.020951237470000002,
        0.02518858847,
        0.02147155947,
        0.02671445647,
        0.02364680647,
        0.02457819547,
        0.02568511347,
        0.02304321847
      ]
    },
    {
      "command": "\"benchmark_plugingetset\" \"benchmarks/data/generated_100\" user yambi get",
      "mean": 0.018210935979345796,
      "stddev": 0.00348677344217079,
      "user": 0.0,
      "system": 0.0,
      "min": 0.010530784469999999,
      "max": 0.03882753447,