{
  "results": [
    {
      "command": "\"benchmark_plugingetset\" \"benchmarks/data/generated_10000\" user yamlcpp get",
      "mean": 0.22799981013833334,
      "stddev": 0.0028621303012595642,
      "user": 0.22100822166666667,
      "system": 0.004617755,
      "min": 0.22337873330500002,
      "max": 0.23165677730500003,
      "times": [
        0.230399905305,
        0.22508116630500002,
        0.23097843430500004,
        0.22337873330500002,
        0.22466406630500002,
        0.22941227030500003,
        0.22908037830500003,
        0.22438810630500003,
        0.23013459330500002,
        0.23165677730500003,
        0.22841383530500003,
        0.22840945530500004
      ]
    },
    {
      "command": "\"benchmark_plugingetset\" \"benchmarks/data/generated_10000\" user yanlr get",
      "mean": 0.12234285626333334,
      "stddev": 0.0019806621581843174,
      "user": 0.11229513833333332,
      "system": 0.007921171666666666,
      "min": 0.119366755305,
      "max": 0.128161282305,
      "times": [
        0.119636873305,
        0.119982104305,
        0.119366755305,
        0.12208228730500001,
        0.121339160305,
        0.120644283305,
        0.12311156430500002,
        0.12511637030500003,
        0.121761356305,
        0.122303298305,
        0.124846039305,
        0.124835865305,
        0.120905603305,
        0.12126547130500001,
        0.128161282305,
        0.12293184730500001,
        0.123078702305,
        0.121078319305,
        0.123710214305,
        0.121856581305,
        0.12288430830500001,
        0.121228069305,
        0.121924388305,
        0.122177805305
      ]
    },
    {
      "command": "\"benchmark_plugingetset\" \"benchmarks/data/generated_10000\" user yambi get",
      "mean": 0.16171834041611116,
      "stddev": 0.0024932105322840034,
      "user": 0.15661255500000004,
      "system": 0.0028646161111111103,
      "min": 0.15834872530500002,
      "max": 0.16809856430500003,
      "times": [
        0.16021970430500002,
        0.16098549630500003,
        0.16506546630500002,
        0.16498814630500003,
        0.16809856430500003,
        0.15950954230500003,
        0.16062544530500003,
        0.16097059630500002,
        0.16287304730500002,
        0.15834872530500002,
        0.159177532305,
        0.16172342430500003,
        0.161624014305,
        0.16179658930500002,
        0.16317069930500003,
        0.16078523030500003,
        0.158425996305,
        0.162541907305
      ]
    },
    {
      "command": "\"benchmark_plugingetset\" \"benchmarks/data/generated_10000\" user yawn get",
      "mean": 0.07477663284346152,
      "stddev": 0.0018783866867296667,
      "user": 0.0676027473076923,
      "system": 0.005108325512820515,
      "min": 0.071837667305,
      "max": 0.07973764430500001,
      "times": [
        0.074546234305,
        0.071837667305,
        0.072409280305,
        0.077198019305,
        0.073557038305,
        0.075005010305,
        0.072835259305,
        0.072966045305,
        0.074932868305,
        0.074406082305,
        0.072136716305,
        0.078574394305,
        0.076878904305,
        0.075978586305,
        0.075089281305,
        0.075717385305,
        0.07507886230500001,
        0.076217513305,
        0.07552199130500001,
        0.076991679305,
        0.072582088305,
        0.076547163305,
        0.07973764430500001,
        0.073183185305,
        0.073997564305,
        0.074270237305,
        0.076023715305,
        0.073253510305,
        0.07471867830500001,
        0.075356248305,
        0.077772574305,
        0.073389240305,
        0.072624956305,
        0.073278535305,
        0.076083524305,
        0.075964460305,
        0.073941852305,
        0.072998979305,
        0.072685704305
      ]
    },
    {
      "command": "\"benchmark_plugingetset\" \"benchmarks/data/generated_10000\" user yaypeg get",
      "mean": 0.349717616505,
      "stddev": 0.0023832124967653238,
      "user": 0.34373245499999994,
      "system": 0.0039058049999999996,
      "min": 0.346761845305,
      "max": 0.352548130305,
      "times": [
        0.346981921305,
        0.352266920305,
        0.348787405305,
        0.351457163305,
        0.352528776305,
        0.348503947305,
        0.346761845305,
        0.352548130305,
        0.347100930305,
        0.350239125305
      ]
    }
  ]
}
