{
  "results": [
    {
      "command": "\"benchmark_plugingetset\" \"benchmarks/data/generated_10000\" user yamlcpp get",
      "mean": 0.13587742637869563,
      "stddev": 0.007551542880607104,
      "user": 0.10608695652173913,
      "system": 0.004347826086956522,
      "min": 0.12452436777000002,
      "max": 0.15051048077,
      "times": [
        0.12601695577000002,
        0.13757612477000003,
        0.15051048077,
        0.13586154077,
        0.13729630977,
        0.12719724477000002,
        0.12452436777000002,
        0.12506666877000003,
        0.14719270177000002,
        0.13981633977000002,
        0.14588338377,
        0.13593734377000002,
        0.13090795877000003,
        0.13595025477000003,
        0.13182592077000002,
        0.13164903977000003,
        0.14454676477000003,
        0.14004713877000002,
        0.14775936577,
        0.13564006777,
        0.13000022577000003,
        0.12916357177,
        0.13481103577000003
      ]
    },
    {
      "command": "\"benchmark_plugingetset\" \"benchmarks/data/generated_10000\" user yanlr get",
      "mean": 0.12586490627000002,
      "stddev": 0.008208917194647293,
      "user": 0.09681818181818183,
      "system": 0.0072727272727272745,
      "min": 0.11313452677000001,
      "max": 0.13623862777,
      "times": [
        0.13285924577000002,
        0.13623862777,
        0.12823569677000002,
        0.13556553877000002,
        0.13516756977000002,
        0.13484904077,
        0.11883032177000001,
        0.11835811277000001,
        0.13007211277000003,
        0.13424123577000002,
        0.13526671777000002,
        0.13525254877,
        0.13126098577000003,
        0.12267222277,
        0.11788662577,
        0.11748140677,
        0.11893178977,
        0.11924936277,
        0.11313452677000001,
        0.11743736377000001,
        0.11821535977,
        0.11782152477
      ]
    },
    {
      "command": "\"benchmark_plugingetset\" \"benchmarks/data/generated_10000\" user yambi get",
      "mean": 0.05899278891285716,
      "stddev": 0.0014324580239594568,
      "user": 0.036122448979591854,
      "system": 0.003877551020408164,
      "min": 0.05561552477,
      "max": 0.062482176769999995,
      "times": [
        0.05884637977,
        0.05757360277,
        0.05561552477,
        0.06058958777,
        0.05736149477,
        0.05799441477,
        0.05814022977,
        0.05688823077,
        0.05987494977,
        0.05736000477,
        0.06043368477,
        0.05742969077,
        0.057989427770000004,
        0.05765567577,
        0.05899317777,
        0.05832233377,
        0.06040715377,
        0.061260699769999996,
        0.05872467577,
        0.058693961770000004,
        0.059538285770000005,
        0.05841975177,
        0.05912570377,
        0.05843809977,
        0.05765891077,
        0.05726237677,
        0.05834820277,
        0.05878262377,
        0.05918374877,
        0.05854828877,
        0.06052220277,
        0.05961354077,
        0.05929009477,
        0.06079859077000001,
        0.06104784477,
        0.05853246377,
        0.05754963177,
        0.05925931577,
        0.05858910777,
        0.05922860177,
        0.059041290770000004,
        0.062482176769999995,
        0.05970103277,
        0.05942987277,
        0.05929233977,
        0.05673519177,
        0.06158771277,
        0.06054845077,
        0.061936299769999995
      ]
    },
    {
      "command": "\"benchmark_plugingetset\" \"benchmarks/data/generated_10000\" user yawn get",
      "mean": 0.070475012445,
      "stddev": 0.0017237465823115323,
      "user": 0.044000000000000025,
      "system": 0.006000000000000001,
      "min": 0.06605669877,
      "max": 0.07445854977000001,
      "times": [
        0.07170968477,
        0.06755052177,
        0.07039386877,
        0.07182221177,
        0.07225392377,
        0.06985307377,
        0.07299125177,
        0.07013820577,
        0.07014751677,
        0.07069087377,
        0.07012303177,
        0.06854183577,
        0.06621886477,
        0.06856317477,
        0.06605669877,
        0.07032172577,
        0.07043068077,
        0.06972108077,
        0.07160460577,
        0.07113078577,
        0.07092414377,
        0.07230524877,
        0.07200672177,
        0.07085921277,
        0.06789390277,
        0.07124937577,
        0.07038586277,
        0.07284007177,
        0.07058490677,
        0.07145550577,
        0.07179775277,
        0.07174652777,
        0.07086484077,
        0.06804721677,
        0.07445854977000001,
        0.07075200777,
        0.07047992077,
        0.07054843377,
        0.06950774477,
        0.07002893277
      ]
    },
    {
      "command": "\"benchmark_plugingetset\" \"benchmarks/data/generated_10000\" user yaypeg get",
      "mean": 0.1518553821384211,
      "stddev": 0.0026053075811683,
      "user": 0.13052631578947366,
      "system": 0.002105263157894737,
      "min": 0.14733925977,
      "max": 0.15703031477,
      "times": [
        0.14939574177000003,
        0.15248366677000003,
        0.15411235377000002,
        0.15256320477000002,
        0.14974762177000003,
        0.14868094277000002,
        0.15703031477,
        0.15586121577000003,
        0.14733925977,
        0.15433415377,
        0.15129458877000002,
        0.15092680377000003,
        0.15223474177000001,
        0.15439691877000003,
        0.15274213877,
        0.15256288677000002,
        0.15133450377000002,
        0.14815931977000002,
        0.15005188277000003
      ]
    }
  ]
}
