{
  "results": [
    {
      "command": "\"benchmark_plugingetset\" \"benchmarks/data/generated_5000\" user yamlcpp get",
      "mean": 0.13225860464210526,
      "stddev": 0.009261189579523614,
      "user": 0.1240241339473684,
      "system": 0.004522222105263159,
      "min": 0.1175542678,
      "max": 0.1501665728,
      "times": [
        0.1501665728,
        0.1309955278,
        0.1378764328,
        0.13832647080000002,
        0.1206831388,
        0.1317795788,
        0.1317330848,
        0.1459808898,
        0.1378305388,
        0.1396894168,
        0.1274957458,
        0.13611111580000002,
        0.1189900618,
        0.1229269038,
        0.1234538348,
        0.1278837638,
        0.14345625280000002,
        0.1299798898,
        0.1175542678
      ]
    },
    {
      "command": "\"benchmark_plugingetset\" \"benchmarks/data/generated_5000\" user yanlr get",
      "mean": 0.06291490798181816,
      "stddev": 0.0019007453826663401,
      "user": 0.05663591863636364,
      "system": 0.0044162209090909095,
      "min": 0.060083615800000004,
      "max": 0.0681731428,
      "times": [
        0.0650627488,
        0.0607161408,
        0.061954019799999996,
        0.0617145338,
        0.0636454118,
        0.0643379258,
        0.061814203799999995,
        0.061026263799999994,
        0.0629681028,
        0.0619444108,
        0.0651861108,
        0.0626829428,
        0.0681731428,
        0.0672716128,
        0.0654983278,
        0.0622218128,
        0.06253027679999999,
        0.0621138968,
        0.0642627718,
        0.0641008028,
        0.060665947799999995,
        0.0630530638,
        0.060798998800000004,
        0.0644473958,
        0.0610640598,
        0.060522885799999995,
        0.0628135698,
        0.0625237998,
        0.060083615800000004,
        0.0637476068,
        0.061155111799999995,
        0.0663077598,
        0.0628336598,
        0.0610579198,
        0.0639497918,
        0.0639991568,
        0.0608063638,
        0.0642564768,
        0.0606838678,
        0.0640986628,
        0.0631513468,
        0.061452184800000004,
        0.0646705748,
        0.0608866698
      ]
    },
    {
      "command": "\"benchmark_plugingetset\" \"benchmarks/data/generated_5000\" user yambi get",
      "mean": 0.08217123699444445,
      "stddev": 0.0014563902175044367,
      "user": 0.07840030499999999,
      "system": 0.0018808800000000004,
      "min": 0.0796863288,
      "max": 0.0855371778,
      "times": [
        0.0811961718,
        0.0796863288,
        0.0828187958,
        0.0836135968,
        0.0811285768,
        0.0810360438,
        0.0822620578,
        0.0822328648,
        0.0817478368,
        0.0855371778,
        0.0815430648,
        0.0798743578,
        0.0814484358,
        0.0817490088,
        0.0834008178,
        0.0815943748,
        0.0834083328,
        0.0807517978,
        0.0826606938,
        0.0840085738,
        0.0853179928,
        0.0813957888,
        0.0809916628,
        0.0844408958,
        0.0831778488,
        0.0828790828,
        0.0843864208,
        0.0827830088,
        0.0798969918,
        0.0814729258,
        0.0815313228,
        0.0818477948,
        0.0830977638,
        0.0809752208,
        0.0804687038,
        0.0818021978
      ]
    },
    {
      "command": "\"benchmark_plugingetset\" \"benchmarks/data/generated_5000\" user yawn get",
      "mean": 0.039336609813888895,
      "stddev": 0.0016017856957056392,
      "user": 0.034480582777777796,
      "system": 0.002988782777777777,
      "min": 0.036657530800000004,
      "max": 0.0430180218,
      "times": [
        0.03920467180000001,
        0.0397839128,
        0.0386525028,
        0.0384614398,
        0.037599420800000005,
        0.036657530800000004,
        0.0382620878,
        0.037901406799999995,
        0.038322212800000005,
        0.038121013800000006,
        0.0430109558,
        0.0411286988,
        0.041430688800000004,
        0.04178796380000001,
        0.04193215980000001,
        0.041322404800000004,
        0.0430180218,
        0.0406041588,
        0.040815466800000005,
        0.04062085680000001,
        0.042064196799999995,
        0.041626980800000005,
        0.040165999800000005,
        0.040897148800000005,
        0.0411288668,
        0.040675219799999995,
        0.038773796799999996,
        0.039664467800000006,
        0.04179123580000001,
        0.0407257798,
        0.04026515580000001,
        0.0375641818,
        0.0374606948,
        0.039784583799999995,
        0.0386232978,
        0.03821123580000001,
        0.040445001800000005,
        0.0411114598,
        0.0396888438,
        0.0373217448,
        0.038172613800000005,
        0.037779892800000006,
        0.036822280799999996,
        0.040064375799999996,
        0.037114208800000006,
        0.0375465968,
        0.0412547278,
        0.03812027180000001,
        0.0403341728,
        0.038830854799999995,
        0.0379475588,
        0.038670999799999994,
        0.037370167800000006,
        0.0388792758,
        0.041248173799999996,
        0.0386309688,
        0.039409159799999996,
        0.0371881458,
        0.0388875018,
        0.0376202108,
        0.0401926958,
        0.0389859498,
        0.0371280948,
        0.0380099398,
        0.038339764799999995,
        0.0406866048,
        0.039370542800000005,
        0.0377548108,
        0.0382450998,
        0.038412402799999995,
        0.0379928598,
        0.0385975128
      ]
    },
    {
      "command": "\"benchmark_plugingetset\" \"benchmarks/data/generated_5000\" user yaypeg get",
      "mean": 0.17751514473750005,
      "stddev": 0.0025689463869138923,
      "user": 0.17305336749999997,
      "system": 0.0024423175000000004,
      "min": 0.1743949628,
      "max": 0.1810865408,
      "times": [
        0.1790228228,
        0.18105387180000002,
        0.1796060338,
        0.17459092680000002,
        0.1756525878,
        0.18070520580000002,
        0.1758725238,
        0.1750623798,
        0.1810820388,
        0.1743949628,
        0.1760341698,
        0.1767485398,
        0.1810865408,
        0.17851415480000002,
        0.1761288018,
        0.1746867548
      ]
    }
  ]
}
