{
  "results": [
    {
      "command": "\"benchmark_plugingetset\" \"benchmarks/data/generated_500\" user yamlcpp get",
      "mean": 0.028111197419607853,
      "stddev": 0.0038806275724653227,
      "user": 0.007843137254901966,
      "system": 0.001568627450980392,
      "min": 0.0224646164,
      "max": 0.050541889400000005,
      "times": [
        0.027588356400000003,
        0.025882135400000002,
        0.0292395834,
        0.027956199400000003,
        0.029282719400000004,
        0.0306807864,
        0.027127572400000004,
        0.0269699434,
        0.028490493400000004,
        0.027913824400000002,
        0.029693066400000002,
        0.028197881400000003,
        0.050541889400000005,
        0.028846717400000003,
        0.028102720400000003,
        0.030072755400000005,
        0.028159407400000003,
        0.0318164214,
        0.025188290400000004,
        0.031100334400000006,
        0.029999142400000005,
        0.029455840400000002,
        0.028235008400000004,
        0.0277717604,
        0.028707800400000004,
        0.029259650400000004,
        0.028772456400000004,
        0.030707412400000002,
        0.028610016400000004,
        0.045944897400000004,
        0.029867582400000002,
        0.030288797400000005,
        0.030747659400000002,
        0.0285994084,
        0.030124619400000004,
        0.0317756634,
        0.0315030934,
        0.0302369564,
        0.028602088400000003,
        0.0280679794,
        0.0293585914,
        0.031309797400000006,
        0.029459155400000006,
        0.030532113400000005,
        0.030990418400000004,
        0.032385666400000006,
        0.029813055400000003,
        0.030678058400000006,
        0.026978915400000004,
        0.028588883400000004,
        0.027283345400000002,
        0.025298709400000004,
        0.026360110400000004,
        0.024388122400000004,
        0.024139515400000002,
        0.023949111400000004,
        0.025877221400000004,
        0.0252641754,
        0.0243653004,
        0.024509168400000003,
        0.024261467400000004,
        0.023954552400000002,
        0.027518788400000004,
        0.0332081434,
        0.023864523400000004,
        0.028954168400000004,
        0.0277575694,
        0.032181899400000005,
        0.0323288264,
        0.0325827474,
        0.0313745314,
        0.0275613344,
        0.0301905384,
        0.0295093264,
        0.028267444400000005,
        0.027627508400000004,
        0.027992985400000003,
        0.028226350400000003,
        0.027577217400000003,
        0.025863317400000002,
        0.0252013924,
        0.024806137400000004,
        0.0249569284,
        0.0251546324,
        0.024480652400000004,
        0.026209961400000002,
        0.0259281854,
        0.0271328114,
        0.022473711400000002,
        0.0224646164,
        0.024440776400000003,
        0.024807861400000002,
        0.023307607400000003,
        0.024007699400000002,
        0.024735314400000003,
        0.0244341284,
        0.024453649400000003,
        0.025769369400000002,
        0.025102416400000004,
        0.0254627694,
        0.025247533400000004,
        0.024302376400000002
      ]
    },
    {
      "command": "\"benchmark_plugingetset\" \"benchmarks/data/generated_500\" user yanlr get",
      "mean": 0.025671681164705883,
      "stddev": 0.0011382326405534465,
      "user": 0.008235294117647065,
      "system": 0.001568627450980392,
      "min": 0.022974971400000002,
      "max": 0.029276279400000004,
      "times": [
        0.027538046400000002,
        0.026824116400000004,
        0.0261339764,
        0.026585714400000002,
        0.025216139400000004,
        0.025177718400000004,
        0.0255155144,
        0.025619596400000003,
        0.0247455344,
        0.0259647014,
        0.026105980400000003,
        0.024890557400000003,
        0.025129608400000003,
        0.0251498674,
        0.024189469400000004,
        0.025487735400000003,
        0.0251050254,
        0.027207614400000003,
        0.026706354400000003,
        0.026786072400000003,
        0.025421735400000003,
        0.025659145400000003,
        0.026139931400000004,
        0.022974971400000002,
        0.0251914194,
        0.0260017654,
        0.025258906400000003,
        0.0242967424,
        0.025675451400000004,
        0.025934191400000004,
        0.024758650400000002,
        0.024145124400000002,
        0.026215276400000005,
        0.0246614674,
        0.025906819400000003,
        0.024569204400000003,
        0.026790060400000003,
        0.0277528494,
        0.024941599400000004,
        0.0248361994,
        0.025779795400000003,
        0.025601521400000004,
        0.025681574400000004,
        0.0264953794,
        0.029276279400000004,
        0.025729984400000003,
        0.026563448400000002,
        0.0265426264,
        0.024770561400000002,
        0.0267589514,
        0.026033460400000003,
        0.024169506400000002,
        0.024998015400000004,
        0.024924636400000002,
        0.024860455400000002,
        0.0267063314,
        0.024338778400000004,
        0.023439167400000002,
        0.024385189400000003,
        0.026456203400000003,
        0.026163884400000004,
        0.025924337400000004,
        0.027711931400000004,
        0.024732399400000004,
        0.024471776400000003,
        0.024860356400000002,
        0.0257456554,
        0.024830128400000002,
        0.026573450400000004,
        0.026585552400000004,
        0.0244641794,
        0.026673396400000004,
        0.025487093400000004,
        0.029170931400000003,
        0.0281196234,
        0.026132664400000002,
        0.026162157400000004,
        0.024873629400000003,
        0.026579939400000002,
        0.026746510400000003,
        0.026640704400000003,
        0.025349013400000002,
        0.025162504400000004,
        0.0252605114,
        0.025039088400000003,
        0.024556187400000002,
        0.024815665400000003,
        0.025326395400000003,
        0.024902515400000002,
        0.027989072400000002,
        0.0243616224,
        0.027472049400000004,
        0.025862377400000004,
        0.0262382274,
        0.0262000434,
        0.0235005824,
        0.024634894400000003,
        0.023420302400000002,
        0.025029459400000002,
        0.026365121400000004,
        0.025654311400000004,
        0.025998512400000003
      ]
    },
    {
      "command": "\"benchmark_plugingetset\" \"benchmarks/data/generated_500\" user yambi get",
      "mean": 0.017539447591358028,
      "stddev": 0.001669884927410963,
      "user": 0.0,
      "system": 0.0,
      "min": 0.0127449374,
      "max": 0.024559245400000002,