{
  "results": [
    {
      "command": "\"benchmark_plugingetset\" \"benchmarks/data/generated_500\" user yamlcpp get",
      "mean": 0.026549644416249987,
      "stddev": 0.001819034516806114,
      "user": 0.003125000000000001,
      "system": 0.00010416666666666667,
      "min": 0.022837346385000002,
      "max": 0.036805489385,
      "times": [
        0.029387526385,
        0.028031062385000003,
        0.026191479385,
        0.029844960385,
        0.036805489385,
        0.024572717385,
        0.028210133385000002,
        0.027590114385000003,
        0.026781833385000002,
        0.026990104385,
        0.027567598385000003,
        0.025006118385,
        0.023971986385,
        0.026336965385,
        0.027742158385000004,
        0.027060631385000002,
        0.026233264385000003,
        0.027340521385000004,
        0.025592609385000003,
        0.026890327385000003,
        0.028201157385,
        0.026593240385,
        0.028027149385000002,
        0.027234702385000004,
        0.027695023385000003,
        0.026624183385000003,
        0.027691946385000003,
        0.027106782385000004,
        0.028560570385,
        0.025686017385000003,
        0.026428396385,
        0.023041155385,
        0.028994696385,
        0.026950183385000003,
        0.026808184385000003,
        0.026715747385000002,
        0.026695258385000004,
        0.026486474385000004,
        0.027809981385,
        0.027786580385000002,
        0.026824798385,
        0.027436914385000004,
        0.026508836385,
        0.026115785385000003,
        0.026247836385,
        0.027505311385,
        0.027547903385000003,
        0.028019213385000002,
        0.026665466385000003,
        0.029063324385000002,
        0.025959864385000003,
        0.026312466385000004,
        0.026217533385000002,
        0.025747404385000002,
        0.027255688385,
        0.026539717385,
        0.027670902385,
        0.026847244385000003,
        0.025753540385000002,
        0.025639661385,
        0.026729690385,
        0.025724084385000002,
        0.026458650385,
        0.026271296385000004,
        0.026573802385,
        0.025973000385000004,
        0.023493878385000003,
        0.026223004385000002,
        0.023243879385000003,
        0.022909915385000004,
        0.025272637385,
        0.026596849385000003,
        0.023422043385,
        0.025865433385,
        0.027323357385000004,
        0.025794897385,
        0.022837346385000002,
        0.026976376385,
        0.026426592385000003,
        0.027525540385000002,
        0.024590338385,
        0.027388655385000002,
        0.026651479385000003,
        0.026133609385000003,
        0.026250578385,
        0.029038482385,
        0.026855579385,
        0.023576614385000003,
        0.025717862385,
        0.027503266385000003,
        0.023956024385000003,
        0.023472115385000002,
        0.026085458385000003,
        0.023324673385,
        0.024471389385,
        0.026943016385
      ]
    },
    {
      "command": "\"benchmark_plugingetset\" \"benchmarks/data/generated_500\" user yanlr get",
      "mean": 0.027298919307330104,
      "stddev": 0.0021494272636911663,
      "user": 0.006796116504854373,
      "system": 0.0018446601941747576,
      "min": 0.022154538385000002,
      "max": 0.034386339385000006,
      "times": [
        0.027170499385,
        0.026609311385,
        0.027249889385000003,
        0.027596060385000003,
        0.030506356385000002,
        0.027342081385,
        0.028687358385000004,
        0.028199043385,
        0.028860153385000004,
        0.028755265385000003,
        0.028394753385000002,
        0.025806105385000003,
        0.027563849385000002,
        0.026880035385,
        0.029322974385000002,
        0.029100631385000002,
        0.025522657385,
        0.025533075385000003,
        0.029327927385,
        0.028267192385,
        0.025800327385000002,
        0.026729111385,
        0.028174007385,
        0.029150890385000003,
        0.027675498385000004,
        0.028501419385,
        0.028566746385,
        0.027703862385000003,
        0.028675413385,
        0.028054750385,
        0.030458872385000002,
        0.023782058385000002,
        0.034386339385000006,
        0.025285950385000002,
        0.028972309385000002,
        0.027582247385,
        0.027673329385,
        0.028212114385,
        0.029133765385000003,
        0.027691161385000003,
        0.027257186385000003,
        0.027054212385,
        0.027282670385000003,
        0.029209112385000003,
        0.029182529385000003,
        0.027702871385,
        0.027837319385000003,
        0.027590236385,
        0.026129570385000002,
        0.028320781385000004,
        0.028540710385,
        0.029191365385,
        0.029527448385000002,
        0.028527455385,
        0.031576587385,
        0.026507396385000003,
        0.028261649385000004,
        0.028160324385,
        0.029289448385000003,
        0.028680488385,
        0.028042262385000002,
        0.029715549385000005,
        0.027378921385,
        0.028234317385000002,
        0.028283883385000003,
        0.028300497385,
        0.030348900385000002,
        0.028913670385000003,
        0.030539982385000004,
        0.028005415385000003,
        0.032633064385,
        0.031023241385000004,
        0.027620816385000004,
        0.027980277385000002,
        0.027980712385000002,
        0.024376358385,
        0.024982826385,
        0.024251570385,
        0.023993907385000002,
        0.024521895385000003,
        0.026896620385000004,
        0.025106920385000002,
        0.025168282385,
        0.025447150385000002,
        0.025400293385,
        0.026118359385,
        0.024150076385000004,
        0.024477623385,
        0.023627085385000003,
        0.025581827385000002,
        0.024531103385000003,
        0.023571976385000002,
        0.024138218385000004,
        0.022154538385000002,
        0.024104009385000003,
        0.024472169385000003,
        0.023723961385000002,
        0.025118928385000003,
        0.024796466385,
        0.025504351385000002,
        0.025690942385000002,
        0.025597644385000003,
        0.024547311385000003
      ]
    },
    {
      "command": "\"benchmark_plugingetset\" \"benchmarks/data/generated_500\" user yambi get",
      "mean": 0.01652112728070552,
      "stddev": 0.001958924011598389,
      "user": 0.0,
      "system": 0.0,
      "min": 0.011838252385000001,
      "max": 0.020885998385,