{
  "results": [
    {
      "command": "\"benchmark_plugingetset\" \"benchmarks/data/generated_10000\" user yamlcpp get",
      "mean": 0.1368812635380953,
      "stddev": 0.0040110749931975475,
      "user": 0.10857142857142861,
      "system": 0.005238095238095238,
      "min": 0.1311697303,
      "max": 0.15152980630000001,
      "times": [
        0.1360996003,
        0.1311697303,
        0.13909852830000002,
        0.1363850373,
        0.13806963430000002,
        0.1362288033,
        0.13601537630000002,
        0.14127372230000002,
        0.1336931933,
        0.1363307323,
        0.13870894530000002,
        0.1361090663,
        0.13519081030000002,
        0.1361112143,
        0.1389429603,
        0.1353296703,
        0.13434663830000002,
        0.13461040430000001,
        0.15152980630000001,
        0.1352231053,
        0.1340395553
      ]
    },
    {
      "command": "\"benchmark_plugingetset\" \"benchmarks/data/generated_10000\" user yanlr get",
      "mean": 0.12386887492500002,
      "stddev": 0.002805230487447576,
      "user": 0.09125000000000004,
      "system": 0.008750000000000003,
      "min": 0.11833061830000001,
      "max": 0.1277945543,
      "times": [
        0.1209012353,
        0.12091538930000001,
        0.12204937030000002,
        0.1203964943,
        0.1224725873,
        0.11833061830000001,
        0.1241672493,
        0.12277211930000001,
        0.1253984363,
        0.11979629130000001,
        0.1252480373,
        0.12343387630000002,
        0.1215849553,
        0.12082698830000001,
        0.1272106593,
        0.1277945543,
        0.12499515630000002,
        0.1272479703,
        0.1276102143,
        0.1252526893,
        0.1256579333,
        0.1266246403,
        0.1248742733,
        0.12729125930000001
      ]
    },
    {
      "command": "\"benchmark_plugingetset\" \"benchmarks/data/generated_10000\" user yambi get",
      "mean": 0.06482989334545454,
      "stddev": 0.002074128701857094,
      "user": 0.039318181818181835,
      "system": 0.0029545454545454545,
      "min": 0.06024798630000001,
      "max": 0.06866263030000001,
      "times": [
        0.0658109053,
        0.0651216213,
        0.0643888013,
        0.0667343083,
        0.06579585330000001,
        0.0675350413,
        0.0646971563,
        0.0667662303,
        0.0663409023,
        0.06396888730000001,
        0.0634814033,
        0.0639003513,
        0.06654638730000001,
        0.06440857230000001,
        0.06649307630000001,
        0.0686462723,
        0.0640584743,
        0.06619392830000001,
        0.0681920723,
        0.06646634230000001,
        0.06510704930000001,
        0.0661998173,
        0.06866263030000001,
        0.06677629330000001,
        0.0651017123,
        0.0636782233,
        0.0651788853,
        0.0664193993,
        0.06722213730000001,
        0.06714907930000001,
        0.06406449830000001,
        0.0630107183,
        0.06024798630000001,
        0.06248845030000001,
        0.0619921113,
        0.06308563430000001,
        0.06321743830000001,
        0.06395579230000001,
        0.0625989363,
        0.0627295253,
        0.06098481730000001,
        0.0612837363,
        0.06222025930000001,
        0.0635935893
      ]
    },
    {
      "command": "\"benchmark_plugingetset\" \"benchmarks/data/generated_10000\" user yawn get",
      "mean": 0.07582834595789474,
      "stddev": 0.0023092599721902516,
      "user": 0.04947368421052634,
      "system": 0.010000000000000004,
      "min": 0.07192901930000001,
      "max": 0.0805891863,
      "times": [
        0.07661429830000001,
        0.0791467393,
        0.0788140783,
        0.0757805173,
        0.0796169263,
        0.07608147130000001,
        0.07754349730000001,
        0.0780638193,
        0.0763687073,
        0.07659918330000001,
        0.07907345230000001,
        0.0792720373,
        0.0759115533,
        0.0759601763,
        0.07700498830000001,
        0.07957417230000001,
        0.0774373953,
        0.0805891863,
        0.07515094130000001,
        0.0737074573,
        0.07262037530000001,
        0.07192901930000001,
        0.07235239730000001,
        0.0769344133,
        0.07630478830000001,
        0.07605357330000001,
        0.0734976803,
        0.0739261033,
        0.0738530443,
        0.0737066083,
        0.07385158130000001,
        0.07409531230000001,
        0.0742652943,
        0.07395630430000001,
        0.0743280713,
        0.0743087473,
        0.07446366230000001,
        0.07271957230000001
      ]
    },
    {
      "command": "\"benchmark_plugingetset\" \"benchmarks/data/generated_10000\" user yaypeg get",
      "mean": 0.15115043998421057,
      "stddev": 0.0023905008380009224,
      "user": 0.1268421052631579,
      "system": 0.004210526315789474,
      "min": 0.1480803223,
      "max": 0.1571215353,
      "times": [
        0.1493953583,
        0.14860051230000001,
        0.14854676230000002,
        0.1517121263,
        0.15127652030000002,
        0.15115255230000002,
        0.15300617530000002,
        0.1492103703,
        0.1484306783,
        0.15345572130000001,
        0.15014501230000002,
        0.1480803223,
        0.15081081030000001,
        0.1548014323,
        0.15284324030000002,
        0.1571215353,
        0.1526654933,
        0.15006502730000001,
        0.15053870930000002
      ]
    }
  ]
}
