{
  "results": [
    {
      "command": "\"benchmark_plugingetset\" \"benchmarks/data/generated_100\" user yamlcpp get",
      "mean": 0.022561504693360653,
      "stddev": 0.0017135941831028308,
      "user": 0.0,
      "system": 0.0,
      "min": 0.018341662595000002,
      "max": 0.032323412595,
      "times": [
        0.022534271595000002,
        0.023149428595,
        0.022509371595,
        0.023762308595,
        0.023975752595,
        0.023511756595000002,
        0.022899431595000002,
        0.025549580595000003,
        0.022669006595000003,
        0.023152548595000003,
        0.023212258595,
        0.023654655595,
        0.022057614595,
        0.023563297595,
        0.023337024595000002,
        0.022848191595,
        0.021883167595000003,
        0.022765669595000003,
        0.022952782595000002,
        0.023419265595000002,
        0.018553474595,
        0.021826655595,
        0.022029993595000002,
        0.021976059595,
        0.021823130595,
        0.022680617595,
        0.023417995595,
        0.023582392595,
        0.023308163595,
        0.032323412595,
        0.030134481595000002,
        0.022719936595,
        0.018587961595,
        0.020601559595000003,
        0.022611068595000002,
        0.020283913595,
        0.018341662595000002,
        0.020099958595000002,
        0.021845516595,
        0.022199554595,
        0.021803644595,
        0.021783479595000002,
        0.022761459595000002,
        0.022376085595,
        0.022653472595,
        0.022407359595000002,
        0.022496699595000003,
        0.022027573595000002,
        0.023395271595000003,
        0.022015886595000003,
        0.022349509595,
        0.020410213595,
        0.023794011595,
        0.022744013595,
        0.024514910595,
        0.024147561595000002,
        0.023532665595000002,
        0.022449145595,
        0.022870891595,
        0.022270814595,
        0.021641775595000003,
        0.022285400595,
        0.021668036595000002,
        0.022167560595,
        0.022556191595,
        0.023566843595,
        0.022859815595000003,
        0.021653015595000002,
        0.022542349595,
        0.023289357595,
        0.021880404595,
        0.021775679595,
        0.021883236595,
        0.020155365595000002,
        0.023693426595,
        0.023964412595,
        0.021833556595,
        0.021960292595,
        0.023440409595,
        0.023153007595,
        0.021917408595,
        0.020272976595000002,
        0.021869421595,
        0.021734756595,
        0.020149479595000002,
        0.022347096595,
        0.022670118595,
        0.019917279595,
        0.020373274595,
        0.022689149595000003,
        0.022599999595,
        0.022296182595000002,
        0.023749699595,
        0.022405541595,
        0.022729556595000002,
        0.024025628595,
        0.023993484595,
        0.023193294595,
        0.022909109595,
        0.022706338595,
        0.022149477595,
        0.023518415595,
        0.023306796595000002,
        0.022420777595,
        0.022028395595,
        0.021814778595,
        0.023523644595,
        0.022901829595000003,
        0.022091783595,
        0.022411349595,
        0.020116998595,
        0.022451759595000002,
        0.020266494595,
        0.021510649595,
        0.021781687595,
        0.022232151595000003,
        0.028196800595,
        0.022935194595,
        0.021566850595000003,
        0.022037904595,
        0.022590446595,
        0.022969882595
      ]
    },
    {
      "command": "\"benchmark_plugingetset\" \"benchmarks/data/generated_100\" user yanlr get",
      "mean": 0.02182654841454888,
      "stddev": 0.0015901318926727754,
      "user": 0.0,
      "system": 0.0,
      "min": 0.017654841595,
      "max": 0.026711217595000003,
      "times": [
        0.020563571595,
        0.020512073595,
        0.019780078595,
        0.021291796595000002,
        0.022447426595,
        0.024330629595,
        0.021816295595,
        0.023645624595,
        0.022835575595,
        0.021465329595000002,
        0.021602592595,
        0.026711217595000003,
        0.024744232595000002,
        0.023512520595000003,
        0.021468588595,
        0.021248612595,
        0.022679674595,
        0.022158092595,
        0.023339720595000002,
        0.024236160595,
        0.021294106595,
        0.023047441595000003,
        0.022849706595,
        0.024129236595000002,
        0.021105452595,
        0.023008671595000002,
        0.022456425595000003,
        0.023323609595000003,
        0.022826037595,
        0.021254736595,
        0.024437244595,
        0.025296187595000002,
        0.025549714595000002,
        0.023959107595,
        0.023928425595,
        0.021009619595,
        0.022578740595,
        0.020994917595000002,
        0.023329946595,
        0.024033841595,
        0.020608473595,
        0.023135716595,
        0.021802719595000002,
        0.022051764595000002,
        0.023897748595,
        0.021315522595,
        0.023636289595000002,
        0.024208000595,
        0.023727147595,
        0.021391915595,
        0.023349296595000003,
        0.021405160595,
        0.023297842595,
        0.019631168595,
        0.022137459595000002,
        0.020735515595,
        0.018123243595,
        0.021722482595000002,
        0.021631100595,
        0.020896854595,
        0.021699351595000003,
        0.020543158595,
        0.021855988595,
        0.021145373595000003,
        0.021931713595000003,
        0.021000468595000002,
        0.021894291595,
        0.022664630595000002,
        0.021352251595,
        0.020253802595000002,
        0.021337927595,
        0.017917398595,
        0.021050314595,
        0.021416970595,
        0.023088944595,
        0.021023229595,
        0.020800455595,
        0.023066097595,
        0.022665361595000003,
        0.020606275595,
        0.020415745595,
        0.021036547595,
        0.020946280595000002,
        0.021666532595,
        0.021002172595,
        0.021833867595,
        0.020892344595,
        0.019616443595,
        0.020079655595000002,
        0.019078234595,
        0.020512698595,
        0.018939908595000002,
        0.020278658595000002,
        0.020934660595,
        0.024315227595000002,
        0.020240814595,
        0.023504055595,
        0.020877066595,
        0.022706403595,
        0.021431691595,
        0.021414650595,
        0.020996217595,
        0.021385610595,
        0.020641276595,
        0.018505629595,
        0.019219973595000002,
        0.017654841595,
        0.019394701595,
        0.019905624595,
        0.021399556595,
        0.022373191595,
        0.021017463595,
        0.020897466595,
        0.022270931595,
        0.023308252595000002,
        0.020854515595,
        0.021163205595,
        0.021989349595000002,
        0.021831499595,
        0.022104127595000002,
        0.023725239595000003,
        0.020614410595,
        0.022415968595000002,
        0.018164324595,
        0.023706249595000003,
        0.021963126595,
        0.023167733595,
        0.021025649595,
        0.023413546595,
        0.022533083595,
        0.022894162595,
        0.021317367595,
        0.022530561595
      ]
    },
    {
      "command": "\"benchmark_plugingetset\" \"benchmarks/data/generated_100\" user yambi get",
      "mean": 0.017716964868972607,
      "stddev": 0.00151148485077876,
      "user": 0.0,
      "system": 0.0,
      "min": 0.011307969595000002,
      "max": 0.021425272595000003,