{
  "results": [
    {
      "command": "\"benchmark_plugingetset\" \"benchmarks/data/generated_5000\" user yamlcpp get",
      "mean": 0.07334749150974361,
      "stddev": 0.0034811117799661267,
      "user": 0.048205128205128234,
      "system": 0.0020512820512820513,
      "min": 0.06642834192000001,
      "max": 0.08616171092000001,
      "times": [
        0.07459958292,
        0.07950333292,
        0.08616171092000001,
        0.07574545092000001,
        0.07447218192,
        0.07559872892000001,
        0.07480431992,
        0.07388482092000001,
        0.07706864892000001,
        0.07460992892000001,
        0.07488947692,
        0.07362174792000001,
        0.07508983692,
        0.07456327892,
        0.07444021892000001,
        0.07591714192,
        0.07673752492000001,
        0.07422259792000001,
        0.07602126092,
        0.07184905992,
        0.06984513292000001,
        0.07444234192,
        0.07289940792,
        0.07090061392000001,
        0.07184428692,
        0.07113068592,
        0.06972516992000001,
        0.07184350292000001,
        0.07346372792,
        0.06642834192000001,
        0.06854282692000001,
        0.07083283692,
        0.07111750892,
        0.07144187392000001,
        0.07087429692000001,
        0.07371940792000001,
        0.06742126192,
        0.07058463192,
        0.06969345892
      ]
    },
    {
      "command": "\"benchmark_plugingetset\" \"benchmarks/data/generated_5000\" user yanlr get",
      "mean": 0.06781051535902441,
      "stddev": 0.002065493485203344,
      "user": 0.04536585365853661,
      "system": 0.004634146341463415,
      "min": 0.06373627892,
      "max": 0.07209060092000001,
      "times": [
        0.07049428292000001,
        0.06720507892000001,
        0.06422632592000001,
        0.06654934292,
        0.06810633492000001,
        0.06849426892,
        0.06645932592,
        0.07209060092000001,
        0.07075962292,
        0.07160370992000001,
        0.07163291992000001,
        0.06722032792,
        0.06566607792000001,
        0.06873320492,
        0.07017291792000001,
        0.06812171592,
        0.06900689492,
        0.06926438492,
        0.06650104292,
        0.06665902392,
        0.06877849892,
        0.06676972992,
        0.07040417892,
        0.06709844592,
        0.06712270292,
        0.06960912492,
        0.06761819392,
        0.06758037192,
        0.06702019092,
        0.06779995992,
        0.06410591592,
        0.06474215392,
        0.06716565292,
        0.06558354492,
        0.06967005092,
        0.06899437292,
        0.06704203892,
        0.06592949392000001,
        0.06587325492,
        0.06373627892,
        0.06861956792
      ]
    },
    {
      "command": "\"benchmark_plugingetset\" \"benchmarks/data/generated_5000\" user yambi get",
      "mean": 0.03940707657432098,
      "stddev": 0.00239213418725286,
      "user": 0.018395061728395074,
      "system": 0.001604938271604938,
      "min": 0.034790614920000004,
      "max": 0.05192258292,
      "times": [
        0.034790614920000004,
        0.038955550920000005,
        0.03777820992000001,
        0.03681209892,
        0.03903758092,
        0.03816890892,
        0.04077048392,
        0.038896727920000006,
        0.03915840392,
        0.04295881092000001,
        0.041782795920000004,
        0.038656169920000004,
        0.03558859392,
        0.03616662292,
        0.03767452692000001,
        0.036849397920000006,
        0.037020617920000005,
        0.03803969292000001,
        0.03785404992,
        0.040951798920000004,
        0.039460207920000004,
        0.03683516692,
        0.035353691920000006,
        0.05192258292,
        0.03825689292,
        0.040458230920000005,
        0.04008777092,
        0.037996720920000004,
        0.03930279892000001,
        0.039605271920000004,
        0.039386566920000005,
        0.036791156920000005,
        0.037421617920000004,
        0.03815291392,
        0.03976742292,
        0.037894421920000004,
        0.036525312920000004,
        0.04097417792000001,
        0.03744826492,
        0.04164318292,
        0.03987924392,
        0.03987790192000001,
        0.03959242492,
        0.040431125920000005,
        0.03934688092,
        0.03899265192,
        0.040607013920000004,
        0.03964336292,
        0.038532527920000004,
        0.039448725920000004,
        0.041652861920000006,
        0.040296830920000005,
        0.04141736892,
        0.03859949092000001,
        0.036675122920000004,
        0.03722953692,
        0.03622854792000001,
        0.04104363492,
        0.03927102492,
        0.03931236492,
        0.03940948092,
        0.040832346920000005,
        0.04204950192,
        0.04061080592000001,
        0.04325422392,
        0.04146402492,
        0.037789564920000004,
        0.03944345992000001,
        0.03851213792,
        0.038937360920000004,
        0.04365184792000001,
        0.03810072792,
        0.03903773892,
        0.03793745792,
        0.04032039292,
        0.043092003920000004,
        0.041712581920000005,
        0.04291737092,
        0.04105020492000001,
        0.038381425920000004,
        0.042193861920000006
      ]
    },
    {
      "command": "\"benchmark_plugingetset\" \"benchmarks/data/generated_5000\" user yawn get",
      "mean": 0.046843915253333354,
      "stddev": 0.0018208436600248433,
      "user": 0.02366666666666668,
      "system": 0.003666666666666667,
      "min": 0.04356854192,
      "max": 0.051032705920000004,
      "times": [
        0.048047954920000004,
        0.04651098792,
        0.047194412920000005,
        0.05030125892,
        0.05040920292000001,
        0.049515236920000004,
        0.047976792920000004,
        0.044381628920000006,
        0.049946209920000005,
        0.049977877920000004,
        0.04720663692,
        0.04596684192,
        0.046254380920000004,
        0.047320490920000007,
        0.04749386992000001,
        0.04887484092,
        0.04648956892,
        0.04601303192,
        0.045616970920000006,
        0.044915537920000005,
        0.04520993492000001,
        0.051032705920000004,
        0.047097950920000006,
        0.048735004920000005,
        0.044456814920000004,
        0.046175147920000006,
        0.04594294092,
        0.046399656920000004,
        0.04446251292,
        0.046393985920000005,
        0.04453888292,
        0.04356854192,
        0.049907080920000006,
        0.04762982292,
        0.04511476492,
        0.04697503092000001,
        0.04515899392,
        0.045821205920000004,
        0.043924235920000006,
        0.04633685592,
        0.04659620292,
        0.04382472892000001,
        0.04583737292,
        0.047224141920000004,
        0.04987451692000001,
        0.048928542920000005,
        0.04831723092,
        0.04533917992000001,
        0.04437245892,
        0.047737563920000003,
        0.04804129792,
        0.04524602992000001,
        0.04513032092,
        0.046272227920000006,
        0.04707992392,
        0.047341626920000004,
        0.04722400192,
        0.04650894592,
        0.04639306792,
        0.04804972392
      ]
    },
    {
      "command": "\"benchmark_plugingetset\" \"benchmarks/data/generated_5000\" user yaypeg get",
      "mean": 0.08546505286117648,
      "stddev": 0.0029213133200822233,
      "user": 0.060294117647058845,
      "system": 0.004117647058823529,
      "min": 0.07997828292,
      "max": 0.09690126692,