{
  "results": [
    {
      "command": "\"benchmark_plugingetset\" \"benchmarks/data/generated_5000\" user yamlcpp get",
      "mean": 0.08180786632444445,
      "stddev": 0.0031852408941280444,
      "user": 0.05583333333333337,
      "system": 0.004444444444444444,
      "min": 0.07577649588000002,
      "max": 0.08933500288000001,
      "times": [
        0.07985637988000001,
        0.07812662888,
        0.08159697988000002,
        0.08547065288000001,
        0.07588355888000001,
        0.07577649588000002,
        0.07959781988000002,
        0.08590380388,
        0.08114585888,
        0.08242726088,
        0.08163333188,
        0.07967204888000001,
        0.08605735888000002,
        0.08697125288000002,
        0.07952856488000001,
        0.08259194488,
        0.07983079888000001,
        0.07909703688000001,
        0.07915771288000001,
        0.08638633588000001,
        0.08726334088000001,
        0.08433929788000001,
        0.07904660988000001,
        0.08247143188000002,
        0.08487550288000001,
        0.08311269388,
        0.07966129288000001,
        0.08933500288000001,
        0.08305493988000001,
        0.08146847688000002,
        0.08172728988000001,
        0.07995228988000001,
        0.08208588088000002,
        0.08167343888,
        0.07904596188000002,
        0.07925790988
      ]
    },
    {
      "command": "\"benchmark_plugingetset\" \"benchmarks/data/generated_5000\" user yanlr get",
      "mean": 0.07351736988,
      "stddev": 0.0021001151977629393,
      "user": 0.04650000000000003,
      "system": 0.0045000000000000005,
      "min": 0.06978256288000001,
      "max": 0.08072657988000001,
      "times": [
        0.07219274888,
        0.07288766488000001,
        0.07296073088,
        0.07201837488000001,
        0.07098303088,
        0.07367794588000001,
        0.07262786688000002,
        0.07180507688000001,
        0.07357982888,
        0.07323094288000001,
        0.07358750288000002,
        0.07657313188,
        0.07136361288000001,
        0.07586602788,
        0.07584706888000001,
        0.07335407588000001,
        0.07324257188000001,
        0.07175983388000001,
        0.07299493988000001,
        0.07345234388,
        0.08072657988000001,
        0.07400383988,
        0.07099565088000001,
        0.07262958688000001,
        0.07768031188,
        0.07121149088,
        0.06978256288000001,
        0.07430840188000001,
        0.07437147288000001,
        0.07466009788000001,
        0.07199260788,
        0.07574508588000001,
        0.07148484088000001,
        0.07195510588000001,
        0.07320140588000001,
        0.07425725988000001,
        0.07203189188,
        0.07363239288000001,
        0.07667609088,
        0.07534279588000001
      ]
    },
    {
      "command": "\"benchmark_plugingetset\" \"benchmarks/data/generated_5000\" user yambi get",
      "mean": 0.04221848854666667,
      "stddev": 0.0023292458560603777,
      "user": 0.018636363636363645,
      "system": 0.0016666666666666663,
      "min": 0.037486088880000004,
      "max": 0.04654741288,
      "times": [
        0.04321770088,
        0.04654741288,
        0.04328984188,
        0.04217038188,
        0.04466414688,
        0.042428170880000005,
        0.04006944588,
        0.04193518588,
        0.04294122988,
        0.04250098988,
        0.04539185288,
        0.04260684088,
        0.04296873288,
        0.04403389288,
        0.04391901788,
        0.04609474788,
        0.04551874088,
        0.04347090988,
        0.04463274888,
        0.04504743888,
        0.04338982888,
        0.04312871288,
        0.04434027588,
        0.04338834088,
        0.04326508588,
        0.04448978488,
        0.045768691880000004,
        0.04523303588,
        0.04333107288,
        0.04194794688,
        0.03952574988,
        0.039250526880000004,
        0.03951119988,
        0.042803382880000004,
        0.03871187988,
        0.03969084588,
        0.03960667488,
        0.03804784888,
        0.04224388488,
        0.04063166288,
        0.03844103288,
        0.04062683088,
        0.03850257688,
        0.04070170488,
        0.04107603288,
        0.03902150988,
        0.03986745888,
        0.03996283288,
        0.037486088880000004,
        0.03955372288,
        0.04255225088,
        0.040785647880000005,
        0.03991519688,
        0.040839737880000004,
        0.04111876988,
        0.03969673888,
        0.04248710088,
        0.04599710488,
        0.04187918888,
        0.04501419788,
        0.04602775488,
        0.041014424880000004,
        0.043781751880000004,
        0.04132815788,
        0.04131929388,
        0.04566726988
      ]
    },
    {
      "command": "\"benchmark_plugingetset\" \"benchmarks/data/generated_5000\" user yawn get",
      "mean": 0.05050463864363636,
      "stddev": 0.0023929726042738217,
      "user": 0.026727272727272745,
      "system": 0.003272727272727273,
      "min": 0.046902590880000004,
      "max": 0.06154540688000001,
      "times": [
        0.05261303488,
        0.06154540688000001,
        0.05077065488,
        0.047514315880000005,
        0.047284471880000005,
        0.04742632388,
        0.04810724188,
        0.05086874988,
        0.052446710880000004,
        0.05339806888,
        0.051612931880000004,
        0.050320360880000005,
        0.05173726988,
        0.04804373388,
        0.04955256688,
        0.05058165188,
        0.05115222288,
        0.04713748988,
        0.04874985488,
        0.046902590880000004,
        0.048561973880000005,
        0.05062103288,
        0.050619337880000004,
        0.05122798788,
        0.053581517880000006,
        0.04794084588,
        0.05003436888,
        0.049114876880000005,
        0.051307220880000004,
        0.05250236588,
        0.047218899880000005,
        0.050449580880000004,
        0.05176015588,
        0.05022644288,
        0.051035466880000005,
        0.05060762188,
        0.05017406388,
        0.05155572588,
        0.051967062880000005,
        0.05301390888,
        0.052004464880000004,
        0.04887441188,
        0.05036574288,
        0.04947306888,
        0.04864691588,
        0.04933969688,
        0.05125482888,
        0.05138341488,
        0.04968393988,
        0.04913379888,
        0.049646899880000005,
        0.04914263288,
        0.052788463880000004,
        0.05548547988,
        0.04924525288
      ]
    },
    {
      "command": "\"benchmark_plugingetset\" \"benchmarks/data/generated_5000\" user yaypeg get",
      "mean": 0.09988257239612904,
      "stddev": 0.013312513465399512,
      "user": 0.0735483870967742,
      "system": 0.003225806451612903,
      "min": 0.08507909388000001,
      "max": 0.14125434288,
      "times": [
        0.09370057288000001,
        0.09984987788000001,
        0.09359423988000001,
        0.10050750988000001,
        0.09452581788000002,
        0.09555939288000001,
        0.09331139488000001,
        0.09278182088000002,
        0.08949833688000002,
        0.09376692088000001,
        0.09054938288000002,
        0.08574575688000001,
        0.08652698388,
        0.10166882988,
        0.09144339388000002,
        0.10436840588000001,
        0.10036005588000001,
        0.12219696788000001,
        0.10993877788000002,
        0.14125434288,
        0.10414263588000001,
        0.09449948388000001,
        0.11480501388000001,
        0.12352330888,
        0.12293766288,
        0.10911034488000002,
        0.09566415088,
        0.08673296788000001,
        0.09090572188000001,
        0.08507909388000001,
        0.08781057688
      ]
    }
  ]
}
