{
  "results": [
    {
      "command": "\"benchmark_plugingetset\" \"benchmarks/data/generated\" user yamlcpp get",
      "mean": 0.12720141468217394,
      "stddev": 0.006044855750560246,
      "user": 0.09869565217391309,
      "system": 0.0034782608695652175,
      "min": 0.12044538703000002,
      "max": 0.14916562503,
      "times": [
        0.12581506203,
        0.14916562503,
        0.13440120803,
        0.13074826303,
        0.12486546103,
        0.13074057903,
        0.12806873203,
        0.13001141203,
        0.12563715703,
        0.12571591802999998,
        0.12689327303,
        0.12314937103000002,
        0.12366857003000002,
        0.12266878203000002,
        0.12050173003000002,
        0.12163500903,
        0.13022837303,
        0.13072328803,
        0.12236214603000001,
        0.12044538703000002,
        0.12470999803,
        0.12597644103,
        0.12750075203
      ]
    },
    {
      "command": "\"benchmark_plugingetset\" \"benchmarks/data/generated\" user yanlr get",
      "mean": 0.11416166491000002,
      "stddev": 0.0013305120068006506,
      "user": 0.08760000000000004,
      "system": 0.007200000000000001,
      "min": 0.11166006503,
      "max": 0.11654189103000001,
      "times": [
        0.11389227703000002,
        0.11319330503000001,
        0.11654189103000001,
        0.11563899703000001,
        0.11554308203000001,
        0.11204108903000001,
        0.11290083203000001,
        0.11497421203000001,
        0.11425030703000001,
        0.11311601803000002,
        0.11166006503,
        0.11416963003000001,
        0.11499345703000001,
        0.11506529603000001,
        0.11172399703000001,
        0.11513735203000001,
        0.11558098103000002,
        0.11431265203000002,
        0.11531110503000001,
        0.11297115203000001,
        0.11329077203000001,
        0.11343211503000002,
        0.11411040603000001,
        0.11425910803000001,
        0.11593152403000001
      ]
    },
    {
      "command": "\"benchmark_plugingetset\" \"benchmarks/data/generated\" user yambi get",
      "mean": 0.058202779589999996,
      "stddev": 0.00163869047005577,
      "user": 0.03640000000000002,
      "system": 0.0036,
      "min": 0.05547020103,
      "max": 0.06214170403,
      "times": [
        0.05710548103,
        0.05647280503,
        0.05799538403,
        0.05808050703,
        0.05926807103,
        0.05775204803,
        0.05802658103,
        0.058524642030000004,
        0.05640564403,
        0.05688025303,
        0.05750724803,
        0.05755455203,
        0.05862584603,
        0.060591386030000007,
        0.05962901003,
        0.06083776203,
        0.06059031203,
        0.05936269503,
        0.05917914403,
        0.05881539503,
        0.05645066103,
        0.06211582703000001,
        0.05682371203,
        0.05990622203,
        0.05957693103,
        0.06156563603,
        0.05902738703,
        0.05563257403,
        0.05558094403,
        0.05856838103,
        0.05547020103,
        0.05672647503,
        0.05848982103,
        0.05866502203,
        0.05821500103,
        0.05644501103,
        0.05600077003,
        0.05855541503,
        0.05722421203,
        0.05919900903,
        0.05653568503,
        0.05604382603,
        0.05811720903,
        0.05757788203,
        0.05898052503,
        0.05718834103,
        0.06214170403,
        0.05886514503,
        0.05758880603,
        0.057655877030000004
      ]
    },
    {
      "command": "\"benchmark_plugingetset\" \"benchmarks/data/generated\" user yawn get",
      "mean": 0.07042099888,
      "stddev": 0.0023251476437451592,
      "user": 0.045000000000000026,
      "system": 0.0052499999999999995,
      "min": 0.06604468503000001,
      "max": 0.07476882203000002,
      "times": [
        0.07208868103,
        0.06643301403000001,
        0.06702717703000001,
        0.06971926103000001,
        0.06737368103000001,
        0.06876627903,
        0.07353035803,
        0.07365524603000001,
        0.06984457403000001,
        0.06916013403000001,
        0.06971219703,
        0.06974061203000001,
        0.07110914803000001,
        0.07315450603000001,
        0.07124152003,
        0.06912347103000001,
        0.07223482003000001,
        0.07064527103000001,
        0.07394332803,
        0.06981387003,
        0.07080525603000001,
        0.07006895003000001,
        0.07201228003000001,
        0.07146594903,
        0.06836980303000001,
        0.06953370203,
        0.07056005403000001,
        0.06604468503000001,
        0.06959674303,
        0.06776928803000001,
        0.06731496303000001,
        0.06942731803,
        0.06768416603,
        0.06797325303000001,
        0.07188646703000001,
        0.07388946603,
        0.07382560903,
        0.07402000503,
        0.07476882203000002,
        0.07150602703
      ]
    },
    {
      "command": "\"benchmark_plugingetset\" \"benchmarks/data/generated\" user yaypeg get",
      "mean": 0.15224036297736843,
      "stddev": 0.0020664814830999995,
      "user": 0.12789473684210526,
      "system": 0.00368421052631579,
      "min": 0.14898830503,
      "max": 0.15562909003,
      "times": [
        0.15500697603,
        0.15451881903,
        0.15481150703,
        0.15245939103,
        0.15250733403,
        0.15017339703,
        0.15057337003,
        0.15463859503,
        0.15360161303,
        0.15293082303,
        0.15138053303,
        0.15058365303,
        0.14898830503,
        0.14964666303,
        0.15030287503,
        0.15159424703,
        0.15004122603,
        0.15562909003,
        0.15317847903
      ]
    }
  ]
}
