{
  "results": [
    {
      "command": "\"benchmark_plugingetset\" \"benchmarks/data/generated_1000\" user yamlcpp get",
      "mean": 0.03169238872872094,
      "stddev": 0.0019472783870889583,
      "user": 0.008372093023255818,
      "system": 0.001627906976744186,
      "min": 0.028397718845000003,
      "max": 0.035731889845,
      "times": [
        0.032913781845000004,
        0.031461788845,
        0.032606136845,
        0.034672297845,
        0.031813096845,
        0.031913227845,
        0.033297597845,
        0.033106385845,
        0.030803666845,
        0.031621105845000004,
        0.031989454845,
        0.034341535845,
        0.031862830845,
        0.030931644845,
        0.032468565845,
        0.030853533845000003,
        0.032821379845,
        0.034402113845,
        0.032210440845,
        0.035518953845,
        0.032914424845,
        0.034379571845,
        0.035712565845,
        0.031866896845,
        0.033881288845,
        0.034251674845,
        0.031319346845,
        0.032695118845,
        0.033406278845,
        0.032984923845,
        0.035731889845,
        0.034881544845,
        0.033079084845,
        0.032947090845,
        0.034670695845,
        0.033088757845000004,
        0.032397872845,
        0.034292150845,
        0.033915077845,
        0.034396408845000004,
        0.034987533845,
        0.034993654845,
        0.034804523845000004,
        0.028943655845000003,
        0.029076389845,
        0.030172137845000002,
        0.030423905845,
        0.032709997845,
        0.029212420845,
        0.030054844845000005,
        0.028901846845000002,
        0.031006359845000005,
        0.030692257845,
        0.031250874845,
        0.029558358845,
        0.031024476845000003,
        0.030542882845,
        0.029200653845,
        0.029357195845,
        0.030332225844999998,
        0.031304903845,
        0.030558213845,
        0.029721931845,
        0.030354986845,
        0.031387032845,
        0.029703814845000003,
        0.030419593845000002,
        0.029546277845000003,
        0.029249252845,
        0.028397718845000003,
        0.028858499845,
        0.030473175845,
        0.028717234845,
        0.029799769845000004,
        0.030372853845,
        0.030193574845,
        0.031427001845000004,
        0.030339439845000003,
        0.029764754844999998,
        0.030277080845,
        0.030355630845000002,
        0.030941402845,
        0.031083052845,
        0.028462602845,
        0.030782988845000005,
        0.031384232845
      ]
    },
    {
      "command": "\"benchmark_plugingetset\" \"benchmarks/data/generated_1000\" user yanlr get",
      "mean": 0.03211556874398991,
      "stddev": 0.0037130122581789217,
      "user": 0.00858585858585859,
      "system": 0.001414141414141414,
      "min": 0.026436122845,
      "max": 0.047964322845000004,
      "times": [
        0.028418734845,
        0.029379146845000002,
        0.030470525845,
        0.029994953845,
        0.030087044845,
        0.029094514845000002,
        0.029946438845,
        0.029918073845000004,
        0.030901737845,
        0.026436122845,
        0.029511129845000005,
        0.029357014845,
        0.030411808845,
        0.029660359845000005,
        0.029815912845,
        0.030533261845,
        0.030078386845,
        0.030448692845,
        0.030154181845000003,
        0.028816652845000002,
        0.027787913845,
        0.028624006845,
        0.029238647845,
        0.028860476845,
        0.028848736845,
        0.028217133845000002,
        0.047964322845000004,
        0.028945788845,
        0.029463257845,
        0.027427180845,
        0.030812469845000003,
        0.029925270845000004,
        0.031086823845,
        0.040346892845,
        0.039401176845000004,
        0.038493730845000004,
        0.037911583845,
        0.032923736845,
        0.036464124845,
        0.035506477845,
        0.035766532845000004,
        0.037835920845,
        0.034789967845,
        0.034113173845000004,
        0.032851182845,
        0.031744619845,
        0.031553194845,
        0.032073845845000004,
        0.030960691845,
        0.030894124845000002,
        0.030755637845000003,
        0.030027816845,
        0.028616143845,
        0.029560903845,
        0.030424626845000004,
        0.031360058845000004,
        0.027806457845,
        0.031182674845,
        0.028969282845,
        0.032131177845000004,
        0.033413479845,
        0.034629957845,
        0.034422286845000004,
        0.031470811845,
        0.030821527845000002,
        0.033386163845000004,
        0.031101477845000003,
        0.032694673845,
        0.031234753845000005,
        0.032252219845,
        0.032735778845,
        0.029194874845,
        0.031172635845000005,
        0.030159724845,
        0.031052866845,
        0.030660527845,
        0.031318917845,
        0.031828686845,
        0.030319561845000002,
        0.029131624845000002,
        0.031017885845000003,
        0.029498131845000004,
        0.030143369845000004,
        0.031301899845,
        0.031108214845000003,
        0.030840983845000003,
        0.031027478845000005,
        0.032584166845,
        0.035828419845,
        0.036106553845,
        0.036771261845,
        0.035956793845,
        0.039265968845,
        0.045275375845,
        0.036735135845,
        0.034074374845000005,
        0.037169814845,
        0.040705549845,
        0.035924881845
      ]
    },
    {
      "command": "\"benchmark_plugingetset\" \"benchmarks/data/generated_1000\" user yambi get",
      "mean": 0.023435086815000002,
      "stddev": 0.002004053042272829,
      "user": 0.0010999999999999998,
      "system": 0.0002,
      "min": 0.019057932845,
      "max": 0.028596183845,