{
  "results": [
    {
      "command": "\"benchmark_plugingetset\" \"benchmarks/data/keyframes\" user yamlcpp get",
      "mean": 0.025517393239375,
      "stddev": 0.0034692371391702734,
      "user": 0.00015625,
      "system": 0.0,
      "min": 0.02149517738,
      "max": 0.04494323438,
      "times": [
        0.04494323438,
        0.02291870038,
        0.02319148338,
        0.023744611380000002,
        0.023203111380000002,
        0.02212352038,
        0.022709695380000002,
        0.02182273838,
        0.02535069838,
        0.02548896438,
        0.02401040238,
        0.022991836380000002,
        0.02533201538,
        0.02834053538,
        0.02410849738,
        0.02505718938,
        0.023827545380000002,
        0.02411130938,
        0.02222860838,
        0.023090417380000002,
        0.02323719438,
        0.02305553138,
        0.02228528338,
        0.02313813538,
        0.02289712638,
        0.02328589738,
        0.02278712138,
        0.02301431038,
        0.02149517738,
        0.02261469638,
        0.02557621238,
        0.024730903380000002,
        0.023130665380000002,
        0.02435568438,
        0.02971779638,
        0.02518706138,
        0.031153856380000004,
        0.02620879538,
        0.02689773338,
        0.026191666380000003,
        0.028544641380000003,
        0.02790182338,
        0.02878075038,
        0.027248744380000002,
        0.030083882380000003,
        0.02943329838,
        0.02736412838,
        0.026354152380000002,
        0.02790666738,
        0.029108013380000002,
        0.031203837380000002,
        0.02554412038,
        0.02603761638,
        0.024545908380000002,
        0.025293404380000002,
        0.028600609380000003,
        0.02623637438,
        0.021598542380000002,
        0.02535802838,
        0.026442253380000003,
        0.02542560438,
        0.02497447938,
        0.02426097838,
        0.02530934538
      ]
    },
    {
      "command": "\"benchmark_plugingetset\" \"benchmarks/data/keyframes\" user yanlr get",
      "mean": 0.02734687759276595,
      "stddev": 0.0022642298586917076,
      "user": 0.0002127659574468085,
      "system": 0.00010638297872340425,
      "min": 0.02273247038,
      "max": 0.03519366538,
      "times": [
        0.029930525380000003,
        0.02849656138,
        0.030613255380000003,
        0.031255524380000003,
        0.030506962380000002,
        0.02892349438,
        0.03519366538,
        0.02791540538,
        0.03144375638,
        0.02686490738,
        0.02680002938,
        0.032676836380000004,
        0.028456745380000002,
        0.02864832238,
        0.02668504638,
        0.02676794238,
        0.02618755138,
        0.02890089338,
        0.02668832938,
        0.027990980380000002,
        0.02858122338,
        0.029388209380000002,
        0.02698339438,
        0.02676878238,
        0.02728779738,
        0.02738459938,
        0.023161743380000002,
        0.02273247038,
        0.02446515738,
        0.02710873138,
        0.02534919338,
        0.026790942380000002,
        0.02646025638,
        0.02805444138,
        0.028618862380000002,
        0.026558078380000003,
        0.027520483380000002,
        0.028329042380000002,
        0.02868978238,
        0.02438768938,
        0.029430483380000004,
        0.02892091338,
        0.028299401380000002,
        0.02647779238,
        0.028935607380000002,
        0.02661301438,
        0.029003400380000002,
        0.02725834938,
        0.02962919438,
        0.02335559038,
        0.02930612438,
        0.03164789238,
        0.02859444838,
        0.02865483338,
        0.02848553438,
        0.02729796738,
        0.02889606238,
        0.029840733379999998,
        0.029151570380000002,
        0.03031937238,
        0.02880178538,
        0.02893944638,
        0.02453296538,
        0.02419058638,
        0.02514021738,
        0.02609624738,
        0.02898378638,
        0.02285322738,
        0.02680655438,
        0.02452788438,
        0.02344546738,
        0.02499341038,
        0.02546379238,
        0.02514175038,
        0.024317053380000002,
        0.02434081838,
        0.026843601380000002,
        0.027464929380000003,
        0.02729950138,
        0.02830472138,
        0.02670801138,
        0.02674369038,
        0.02777881938,
        0.02576801238,
        0.026229700380000002,
        0.025473628380000002,
        0.025481149380000002,
        0.02655294138,
        0.02359427638,
        0.02476047838,
        0.02368303938,
        0.02712435838,
        0.02732580938,
        0.02920893138
      ]
    },
    {
      "command": "\"benchmark_plugingetset\" \"benchmarks/data/keyframes\" user yambi get",
      "mean": 0.020136311649999992,
      "stddev": 0.001777893782557082,
      "user": 0.0,
      "system": 0.0,
      "min": 0.014576338380000001,
      "max": 0.028071995380000003,
      "times": [
        0.028071995380000003,
        0.01825627238,
        0.014576338380000001,
        0.01870904738,
        0.02078208238,
        0.02052714638,
        0.02099726638,
        0.02328331938,
        0.01861908838,
        0.02225960238,
        0.02107245838,
        0.02164800238,
        0.02105739938,
        0.019676212380000002,
        0.02014888238,
        0.01906646738,
        0.015455090380000001,
        0.01861466738,
        0.020286679380000002,
        0.02068940638,
        0.02057366638,
        0.02129199538,
        0.019665323380000002,
        0.02010191538,
        0.02125422038,
        0.02063540438,
        0.02185189638,
        0.021316105380000002,
        0.02040073438,
        0.01970629038,
        0.01971748638,
        0.02078569338,
        0.022033366380000002,
        0.02040893838,
        0.01973422138,
        0.02066911838,
        0.02025519138,
        0.02204915038,
        0.01955912438,
        0.01891903538,
        0.01943827338,
        0.01716815538,
        0.02040632938,
        0.02055743138,
        0.01853423838,
        0.02041334238,
        0.020557957380000002,
        0.018727387380000002,
        0.021114895380000002,
        0.02321975838,
        0.01920655338,
        0.01949821938,
        0.01847140038,
        0.01898951438,
        0.01997408838,
        0.02284417938,
        0.02031324538,
        0.01947467338,
        0.019799018380000002,
        0.02136167338,
        0.01998901138,
        0.020265204380000002,
        0.02224673438,
        0.01871866738,
        0.02137525838,
        0.02047123538,
        0.02059495138,
        0.02037951138,
        0.01801897038,
        0.02246560038,
        0.02094891338,
        0.01998337738,
        0.01589106938,
        0.01748553738,
        0.01697666038,
        0.01925596738,
        0.01778651638,
        0.01836427638,
        0.02172003138,
        0.01913387838,
        0.02118092538,
        0.01896147038,
        0.020724476380000002,
        0.018668565380000002,
        0.02084008138,
        0.02014026738,
        0.02095096738,
        0.02147243638,
        0.018632958380000002,
        0.01995581638,
        0.01996880938,
        0.01960096138,
        0.02004808338,
        0.01879348938,
        0.02461506038,
        0.020390158380000002,
        0.019863014380000002,
        0.021281039380000002,
        0.022200183380000002,
        0.01847439138
      ]
    },
    {
      "command": "\"benchmark_plugingetset\" \"benchmarks/data/keyframes\" user yawn get",
      "mean": 0.021555639126153856,
      "stddev": 0.0018446027872531902,
      "user": 0.0,
      "system": 0.0,
      "min": 0.014387407380000002,
      "max": 0.02701474338,