{
  "results": [
    {
      "command": "\"benchmark_plugingetset\" \"benchmarks/data/keyframes\" user yamlcpp get",
      "mean": 0.02423727102606061,
      "stddev": 0.002916687032440474,
      "user": 0.0,
      "system": 0.00007575757575757576,
      "min": 0.01885507617,
      "max": 0.03874609717000001,
      "times": [
        0.02048896117,
        0.022158691169999998,
        0.02340037617,
        0.02611481217,
        0.03807984117,
        0.03874609717000001,
        0.02699720117,
        0.029235642170000003,
        0.02734248317,
        0.02528635617,
        0.02308575417,
        0.02609145917,
        0.02215330517,
        0.02426528217,
        0.02131218717,
        0.024791440169999998,
        0.025208580169999998,
        0.02514425517,
        0.02449292217,
        0.02080721717,
        0.024226738169999998,
        0.02207918617,
        0.025192945169999998,
        0.02567634817,
        0.02392480217,
        0.031234350169999998,
        0.027321936169999998,
        0.03060175317,
        0.03043619917,
        0.029842505170000002,
        0.031936448170000006,
        0.02891294717,
        0.02278286717,
        0.02265082317,
        0.02485142517,
        0.02633474317,
        0.02229266117,
        0.02215898417,
        0.02163297217,
        0.02271865017,
        0.02390502517,
        0.02322381117,
        0.02203354117,
        0.02042158917,
        0.02089984217,
        0.01885507617,
        0.02121191417,
        0.02206090217,
        0.02381733417,
        0.02425137717,
        0.02459549817,
        0.02455434517,
        0.02533875717,
        0.02353281317,
        0.02578887417,
        0.02392181317,
        0.02453032417,
        0.022840899169999998,
        0.02107298617,
        0.02310533217,
        0.022612209169999998,
        0.032788739170000004,
        0.02425582117,
        0.023024939169999998,
        0.02528316417,
        0.02451113617,
        0.02116985017,
        0.02416347917,
        0.025874329169999998,
        0.023820612169999998,
        0.02548887017,
        0.02432810317,
        0.02457589817,
        0.023282434169999998,
        0.02472853717,
        0.02474093517,
        0.02583588717,
        0.024022370169999998,
        0.02329927317,
        0.02610896717,
        0.023720014169999998,
        0.02368737517,
        0.021496738169999998,
        0.02339798617,
        0.02050480817,
        0.02352847717,
        0.02530883017,
        0.02358544517,
        0.02570987117,
        0.024223409169999998,
        0.02267525117,
        0.02295300417,
        0.02362374217,
        0.02414358617,
        0.02040940517,
        0.02365577817,
        0.02182341617,
        0.02325325417,
        0.02123219317,
        0.02461219117,
        0.02403593117,
        0.02478236517,
        0.02159648817,
        0.02493215317,
        0.02483728117,
        0.02432582917,
        0.02373675417,
        0.02603164617,
        0.023699099169999998,
        0.02327003117,
        0.021608470169999998,
        0.02357896017,
        0.02404919417,
        0.022667063169999998,
        0.021703347169999998,
        0.02253435217,
        0.02307871517,
        0.02367203917,
        0.02254447117,
        0.02562214817,
        0.02192651317,
        0.02470313117,
        0.02415617517,
        0.021832421169999998,
        0.02365083717,
        0.02385729717,
        0.02528395617,
        0.02237684717,
        0.02123405117,
        0.024556198169999998,
        0.02134566117,
        0.02265581017
      ]
    },
    {
      "command": "\"benchmark_plugingetset\" \"benchmarks/data/keyframes\" user yanlr get",
      "mean": 0.025772002289266068,
      "stddev": 0.0016039801595127807,
      "user": 0.0,
      "system": 0.0,
      "min": 0.02221874017,
      "max": 0.033366440170000004,
      "times": [
        0.02528426817,
        0.02601930617,
        0.02517501417,
        0.02503406317,
        0.02433490017,
        0.02270862117,
        0.02524601117,
        0.02502490317,
        0.02512042517,
        0.02384463017,
        0.02550796517,
        0.02438370317,
        0.02276084417,
        0.02356653717,
        0.02565259817,
        0.02462551617,
        0.02560390517,
        0.02567534617,
        0.02724718217,
        0.02633711017,
        0.02529778817,
        0.023811628169999998,
        0.025191376169999998,
        0.02508165917,
        0.02384366117,
        0.02609454017,
        0.02646222917,
        0.02576513017,
        0.02500719917,
        0.02495180517,
        0.02678551217,
        0.02503964617,
        0.02729700317,
        0.02419697317,
        0.02623228917,
        0.025122285169999998,
        0.02594416917,
        0.02666358817,
        0.02570812417,
        0.02714729417,
        0.023512825169999998,
        0.02307418717,
        0.02361002017,
        0.02471512617,
        0.02525463317,
        0.02677853217,
        0.02483788417,
        0.02728099617,
        0.022689526169999998,
        0.02551921817,
        0.02440060517,
        0.02606613517,
        0.02510562917,
        0.02566440117,
        0.024555928169999998,
        0.02374677817,
        0.02645605617,
        0.02649927917,
        0.02625209317,
        0.02661857217,
        0.02464687717,
        0.02571049017,
        0.02555710517,
        0.02679456017,
        0.02663468117,
        0.02859419617,
        0.02555130517,
        0.02525316317,
        0.027521914169999998,
        0.02606793617,
        0.02680683817,
        0.02636196917,
        0.02479049217,
        0.02666138217,
        0.02452606517,
        0.02741103017,
        0.02362544417,
        0.02601154517,
        0.02608134917,
        0.02576503417,
        0.02663565917,
        0.02611402217,
        0.031754358170000004,
        0.02717465517,
        0.02734397117,
        0.025837661169999998,
        0.02221874017,
        0.02523979817,
        0.02507489717,
        0.02511450317,
        0.02585861617,
        0.026038476169999998,
        0.028190379169999998,
        0.02549301717,
        0.02576470117,
        0.02693964917,
        0.02629866817,
        0.02636492117,
        0.02798697917,
        0.02753740017,
        0.029489887170000003,
        0.02578301317,
        0.033366440170000004,
        0.02807238917,
        0.02685308517,
        0.02694136817,
        0.02581649817,
        0.02517110917,
        0.024864829169999998
      ]
    },
    {
      "command": "\"benchmark_plugingetset\" \"benchmarks/data/keyframes\" user yambi get",
      "mean": 0.020108470714776117,
      "stddev": 0.0015900838423502876,
      "user": 0.0,
      "system": 0.0,
      "min": 0.015726842169999998,
      "max": 0.02849879617,