{
  "results": [
    {
      "command": "\"benchmark_plugingetset\" \"benchmarks/data/combined\" user yamlcpp get",
      "mean": 0.022193003197558136,
      "stddev": 0.002501033737167803,
      "user": 0.0,
      "system": 0.0,
      "min": 0.016993261965,
      "max": 0.034536842965,
      "times": [
        0.032903810965,
        0.034536842965,
        0.024980423965,
        0.022508164965,
        0.019724514965,
        0.020362568965,
        0.020043371965,
        0.022652264965000002,
        0.021980707965,
        0.023361341965,
        0.021983529965,
        0.022689152965,
        0.022667667965,
        0.022421857965,
        0.022708311965000002,
        0.022503157965,
        0.022290858965,
        0.023143901965,
        0.028199278965,
        0.021352242965,
        0.023950015965,
        0.020995218965,
        0.022084556965000002,
        0.023898102965,
        0.023176121965,
        0.022749565965,
        0.021441600965,
        0.022688521965,
        0.022192786965,
        0.023479235965,
        0.021938938965,
        0.023250845965,
        0.021485285965,
        0.024015165965,
        0.022438164965,
        0.022906018965,
        0.021995986965,
        0.020130514965,
        0.019293007965,
        0.019927995965,
        0.017887775965,
        0.020536629965,
        0.021633216965,
        0.023920158965,
        0.022229164965,
        0.024711585965,
        0.022352684965,
        0.022991406965,
        0.023075067965,
        0.024017210965,
        0.020688470965,
        0.020970569965,
        0.023032909965,
        0.021455193965,
        0.021440804965,
        0.017790377965,
        0.019648054965,
        0.020671584965,
        0.019734704965,
        0.021391861965,
        0.016993261965,
        0.020124247965,
        0.021273075965,
        0.020861971965,
        0.018217849965,
        0.023297459965,
        0.021333085965,
        0.021215311965,
        0.018979803965,
        0.019992741965,
        0.019771741965,
        0.021363528965,
        0.022864895965,
        0.023135123965,
        0.023935767965,
        0.022963978965,
        0.020919244965,
        0.023884922965,
        0.021739736965,
        0.022021201965,
        0.021027920965,
        0.023305102965,
        0.022675222965000002,
        0.022471906965,
        0.022682665965,
        0.024315429965
      ]
    },
    {
      "command": "\"benchmark_plugingetset\" \"benchmarks/data/combined\" user yanlr get",
      "mean": 0.02278364591699999,
      "stddev": 0.0015448991932909349,
      "user": 0.0,
      "system": 0.0,
      "min": 0.018677004965,
      "max": 0.027615269965,
      "times": [
        0.022004661965000002,
        0.020656455965,
        0.024116014965,
        0.023170956965,
        0.023723665965,
        0.022587526965,
        0.023156641965,
        0.024614338965,
        0.024740997965,
        0.020734171965,
        0.021323348965,
        0.022745023965,
        0.021419021965,
        0.024927393965,
        0.021749177965,
        0.023407123965000002,
        0.023428976965,
        0.025455521965000002,
        0.021531478965,
        0.023384188965,
        0.021606831965,
        0.024852160965,
        0.024053048965,
        0.023660455965,
        0.025349300965000002,
        0.023165131965000002,
        0.023965626965,
        0.022670307965,
        0.022965056965,
        0.023190301965,
        0.024034485965,
        0.023410404965,
        0.023820525965,
        0.022761089965000002,
        0.023354804965,
        0.022790342965,
        0.025493153965,
        0.022532808965,
        0.022145902965,
        0.023882100965,
        0.024644773965000002,
        0.023549247965,
        0.024831128965,
        0.024026738965,
        0.021412118965,
        0.020946250965,
        0.023708647965,
        0.023676412965,
        0.023645971965000002,
        0.022109427965,
        0.022333106965000002,
        0.021532342965,
        0.018677004965,
        0.023639131965,
        0.021115256965,
        0.020603053965,
        0.022034320965,
        0.024678494965,
        0.022195080965,
        0.021318733965,
        0.021568289965,
        0.022514761965,
        0.023043105965,
        0.027615269965,
        0.024586067965,
        0.022003214965,
        0.024121448965,
        0.022680993965,
        0.024630290965,
        0.022541667965,
        0.022342527965,
        0.021037141965,
        0.021876237965,
        0.021872756965,
        0.022875489965,
        0.021360514965,
        0.020666629965,
        0.023505225965,
        0.021687197965000002,
        0.020045699965,
        0.021934413965,
        0.021462189965,
        0.020992625965,
        0.024091850965,
        0.021097493965000002,
        0.021951337965,
        0.023570592965,
        0.020880438965,
        0.023337121965,
        0.021483369965,
        0.022304705965,
        0.021668160965,
        0.022402665965,
        0.024598803965,
        0.022485088965,
        0.021219295965,
        0.023218447965,
        0.022091312965000002,
        0.024500501965,
        0.021543685965,
        0.021532348965,
        0.020548302965,
        0.022453699965,
        0.021969857965,
        0.020535935965000002,
        0.019518382965,
        0.021736095965,
        0.021750468965000002,
        0.020691514965,
        0.022552226965,
        0.022457120965,
        0.021024086965,
        0.022404031965,
        0.021574678965,
        0.026208267965,
        0.021194601965,
        0.023814568965,
        0.023715981965,
        0.025412379965,
        0.024559712965,
        0.026241419965000002,
        0.021822699965,
        0.025251606965,
        0.025956059965,
        0.024363253965
      ]
    },
    {
      "command": "\"benchmark_plugingetset\" \"benchmarks/data/combined\" user yambi get",
      "mean": 0.018930220629233586,
      "stddev": 0.001913827370850303,
      "user": 0.0,
      "system": 0.0,
      "min": 0.013067170965,
      "max": 0.024987503965,