{
  "results": [
    {
      "command": "\"benchmark_plugingetset\" \"benchmarks/data/generated_500\" user yamlcpp get",
      "mean": 0.02774095073913043,
      "stddev": 0.0019877646288587584,
      "user": 0.0046739130434782636,
      "system": 0.0010869565217391304,
      "min": 0.022061929,
      "max": 0.031248129000000003,
      "times": [
        0.030651629000000003,
        0.028279229000000003,
        0.028102429,
        0.027661929000000002,
        0.029168229,
        0.029772129000000005,
        0.026805829000000003,
        0.024330929,
        0.028008529,
        0.029484529,
        0.025785729,
        0.029138729000000002,
        0.026587729,
        0.030737929,
        0.027140029000000003,
        0.027252129000000003,
        0.024414029,
        0.024898229,
        0.022061929,
        0.026028029,
        0.022898529,
        0.026251129,
        0.025046629,
        0.024824429000000002,
        0.023273029,
        0.025726129,
        0.028242229,
        0.026258029000000002,
        0.026686029000000003,
        0.026548029,
        0.027026429,
        0.029909229,
        0.023509029,
        0.027273529,
        0.027300629000000003,
        0.025208029000000003,
        0.029816129,
        0.026064129000000002,
        0.028582229,
        0.026186429,
        0.026883229,
        0.028203129,
        0.027635629000000002,
        0.027208029,
        0.029911629,
        0.028999129000000002,
        0.027371029,
        0.027914829000000002,
        0.031248129000000003,
        0.028792729000000003,
        0.029303929000000003,
        0.028899529000000004,
        0.029599229,
        0.029348529,
        0.030315929000000002,
        0.028458829,
        0.027358529000000003,
        0.028119929000000002,
        0.029250629000000004,
        0.030325829000000002,
        0.027660929,
        0.028411329000000003,
        0.029141829,
        0.029169129000000002,
        0.031193029,
        0.029936829,
        0.028194629000000002,
        0.028543829000000003,
        0.028137729000000004,
        0.028419129,
        0.030416429000000005,
        0.026631529,
        0.024901929000000003,
        0.027928029000000004,
        0.026294129000000003,
        0.030876429,
        0.028136329,
        0.029347429,
        0.027252129000000003,
        0.028331629,
        0.029876529000000002,
        0.029990029000000005,
        0.028349729,
        0.028928029,
        0.027459129000000002,
        0.031068929000000006,
        0.029790629000000002,
        0.025090529,
        0.025975529,
        0.025303029,
        0.026257529,
        0.027065229000000003
      ]
    },
    {
      "command": "\"benchmark_plugingetset\" \"benchmarks/data/generated_500\" user yanlr get",
      "mean": 0.030533595019417478,
      "stddev": 0.001972255300935782,
      "user": 0.008543689320388355,
      "system": 0.0011650485436893203,
      "min": 0.024163529000000003,
      "max": 0.037326229,
      "times": [
        0.027232729,
        0.028138829,
        0.031261528999999996,
        0.031152229,
        0.029911929,
        0.024163529000000003,
        0.029448829,
        0.030013729,
        0.031015729000000002,
        0.033221929,
        0.030178029000000006,
        0.030498629000000003,
        0.030466829000000004,
        0.031166829000000004,
        0.032837929,
        0.031227929000000005,
        0.031907028999999996,
        0.032307828999999996,
        0.033976829,
        0.032477129,
        0.031301828999999996,
        0.031320628999999996,
        0.032294629,
        0.031606828999999996,
        0.031269429,
        0.031032029,
        0.033125329,
        0.032524329,
        0.031531429,
        0.031755429,
        0.031635528999999996,
        0.029876229,
        0.034168829,
        0.031857528999999996,
        0.030068829000000002,
        0.029365429000000002,
        0.029100829,
        0.037326229,
        0.027145129,
        0.031084929,
        0.030800829000000005,
        0.031391229,
        0.030526829000000002,
        0.026905429,
        0.029978329,
        0.031378328999999996,
        0.028105529,
        0.029998229000000005,
        0.031682029,
        0.029502929,
        0.030264029,
        0.029346129000000002,
        0.027874129,
        0.029753629,
        0.029481429,
        0.028736029000000003,
        0.031930829,
        0.030275929000000004,
        0.027042329,
        0.028311829000000004,
        0.027996229,
        0.029687229,
        0.027502629,
        0.027741229000000003,
        0.028998329000000003,
        0.028838729,
        0.028009629,
        0.026072529,
        0.027712429,
        0.030960529000000004,
        0.028138829,
        0.030600629,
        0.030898029000000004,
        0.030065429,
        0.030003129,
        0.030753229000000003,
        0.028747329000000002,
        0.029332229,
        0.032501929,
        0.033069429,
        0.033769329,
        0.030638529,
        0.031835029,
        0.028967229,
        0.031169729000000004,
        0.030125929,
        0.030661529000000003,
        0.028912529000000003,
        0.031280828999999996,
        0.030884629,
        0.031560429,
        0.033509329,
        0.030790829000000002,
        0.029755029,
        0.029999629000000003,
        0.034640528999999996,
        0.031059529,
        0.032705629,
        0.032666129,
        0.031369729,
        0.032555729,
        0.032130629,
        0.031058829
      ]
    },
    {
      "command": "\"benchmark_plugingetset\" \"benchmarks/data/generated_500\" user yambi get",
      "mean": 0.021642650848739498,
      "stddev": 0.0013017166073916648,
      "user": 0.0,
      "system": 0.0,
      "min": 0.017354729000000003,
      "max": 0.025100129000000002,