{
  "results": [
    {
      "command": "\"benchmark_plugingetset\" \"benchmarks/data/generated_5000\" user yamlcpp get",
      "mean": 0.12390101249166668,
      "stddev": 0.0027102255949759024,
      "user": 0.11882719666666662,
      "system": 0.0029946616666666668,
      "min": 0.12117439620000002,
      "max": 0.1326181442,
      "times": [
        0.12255866320000001,
        0.1239656992,
        0.12555199020000002,
        0.1326181442,
        0.12694072820000002,
        0.12828876320000002,
        0.12736077520000003,
        0.12613461120000002,
        0.1220851222,
        0.12336242520000001,
        0.12182805820000002,
        0.12247809020000001,
        0.12352664420000001,
        0.12219625520000002,
        0.12205316620000001,
        0.12296431120000001,
        0.12117439620000002,
        0.12244665120000002,
        0.1238175702,
        0.12177525820000001,
        0.12183882420000001,
        0.12239067320000001,
        0.12453674420000002,
        0.12173073520000001
      ]
    },
    {
      "command": "\"benchmark_plugingetset\" \"benchmarks/data/generated_5000\" user yanlr get",
      "mean": 0.06353782093333334,
      "stddev": 0.001669591198249733,
      "user": 0.056681463333333335,
      "system": 0.004943522777777777,
      "min": 0.06095014120000001,
      "max": 0.0691012762,
      "times": [
        0.06312234720000001,
        0.0631329842,
        0.06337715020000001,
        0.0621395212,
        0.06460582420000001,
        0.0627677912,
        0.06640822820000002,
        0.0630862422,
        0.06336383120000001,
        0.0676412212,
        0.0663151802,
        0.0641433722,
        0.06426258920000001,
        0.0623615952,
        0.06607178320000001,
        0.06383514120000001,
        0.06199293520000001,
        0.06600485720000002,
        0.0691012762,
        0.06380817120000001,
        0.06295634420000001,
        0.06444138120000001,
        0.0624120422,
        0.0631691372,
        0.06318298220000002,
        0.061795663199999996,
        0.06269967220000001,
        0.06259530020000001,
        0.0613882762,
        0.0637767312,
        0.0620743192,
        0.0629266742,
        0.0635567102,
        0.06211514320000001,
        0.06310583920000001,
        0.061323056199999997,
        0.06428484620000001,
        0.0627779422,
        0.0620588092,
        0.06322350520000002,
        0.06095014120000001,
        0.06411878020000002,
        0.06384293320000001,
        0.0618439082,
        0.0650397622
      ]
    },
    {
      "command": "\"benchmark_plugingetset\" \"benchmarks/data/generated_5000\" user yambi get",
      "mean": 0.09139900270000001,
      "stddev": 0.001446243980483662,
      "user": 0.0872592175,
      "system": 0.0021489949999999995,
      "min": 0.08944519620000001,
      "max": 0.09590968220000001,
      "times": [
        0.09128328120000001,
        0.08967351320000001,
        0.09190429920000001,
        0.0909139582,
        0.0925066902,
        0.09272801220000002,
        0.08999535120000002,
        0.09182549020000001,
        0.0912896712,
        0.09147532420000001,
        0.09413769220000001,
        0.09407878720000001,
        0.09109021920000002,
        0.09040192320000001,
        0.09146149420000001,
        0.08944519620000001,
        0.09113127420000001,
        0.09055579420000001,
        0.09590968220000001,
        0.09072146520000002,
        0.09051485420000001,
        0.08950060320000001,
        0.09007488420000001,
        0.09220800820000001,
        0.0907842632,
        0.0896254872,
        0.09161743620000001,
        0.09264700020000001,
        0.09235770620000001,
        0.09200916920000002,
        0.09045494720000001,
        0.09044460820000001
      ]
    },
    {
      "command": "\"benchmark_plugingetset\" \"benchmarks/data/generated_5000\" user yawn get",
      "mean": 0.04003852594647889,
      "stddev": 0.000694224676436809,
      "user": 0.034837346901408446,
      "system": 0.0032483224647887328,
      "min": 0.0385318362,
      "max": 0.0416654152,
      "times": [
        0.0395114902,
        0.040224399200000004,
        0.0399577412,
        0.040315017200000004,
        0.0407629522,
        0.0388466642,
        0.0386752422,
        0.0404983572,
        0.0391029392,
        0.0401879902,
        0.0405457872,
        0.0400822262,
        0.0400447892,
        0.0404896052,
        0.040940941200000004,
        0.0395672782,
        0.0395470032,
        0.0410263912,
        0.0393313042,
        0.0401303812,
        0.0400312192,
        0.0402258962,
        0.0402829882,
        0.0399137202,
        0.0401574852,
        0.0403378392,
        0.0405346892,
        0.0391932382,
        0.039751475200000004,
        0.0413665732,
        0.0396767642,
        0.0407302812,
        0.0395969102,
        0.0394725682,
        0.0399614052,
        0.0398990402,
        0.0416654152,
        0.0398211772,
        0.0395127612,
        0.0413295572,
        0.0396098302,
        0.0403584612,
        0.039497466200000005,
        0.039677321200000004,
        0.040890609200000004,
        0.0399383572,
        0.0411228582,
        0.0396767602,
        0.041512130200000004,
        0.0408494982,
        0.0399183492,
        0.0400017752,
        0.0390379012,
        0.0395110562,
        0.0402440632,
        0.039080518200000004,
        0.0403341362,
        0.0392587762,
        0.040423828200000005,
        0.0395797212,
        0.0405952822,
        0.040239190200000004,
        0.040576896200000004,
        0.0413533062,
        0.0390676872,
        0.0392763182,
        0.0405070842,
        0.0391694322,
        0.040192284200000004,
        0.0394531042,
        0.0385318362
      ]
    },
    {
      "command": "\"benchmark_plugingetset\" \"benchmarks/data/generated_5000\" user yaypeg get",
      "mean": 0.19049889806666667,
      "stddev": 0.004820845365300702,
      "user": 0.1856513966666667,
      "system": 0.0027930116666666656,
      "min": 0.18551916720000003,
      "max": 0.20205090720000002,
      "times": [
        0.19078897920000001,
        0.18640328020000002,
        0.19159818720000002,
        0.1911381172,
        0.1868196652,
        0.20205090720000002,
        0.18694884920000002,
        0.18572889420000002,
        0.19397210320000002,
        0.19839460920000002,
        0.18551916720000003,
        0.1884540322,
        0.1904463992,
        0.18648093620000003,
        0.19273934420000002
      ]
    }
  ]
}
