{
  "results": [
    {
      "command": "\"benchmark_plugingetset\" \"benchmarks/data/generated10000\" user yamlcpp get",
      "mean": 0.14508488173421055,
      "stddev": 0.00465499110932279,
      "user": 0.11368421052631579,
      "system": 0.007894736842105265,
      "min": 0.13945032905000002,
      "max": 0.15773443905,
      "times": [
        0.15099132605,
        0.15139017605000002,
        0.14954507105,
        0.14816724505,
        0.15773443905,
        0.14205474905,
        0.14409617705,
        0.14157206105,
        0.14388588005,
        0.14192401205000002,
        0.14521866905,
        0.14262989405,
        0.14360185205,
        0.14050660105,
        0.14706856405000002,
        0.14283670105000001,
        0.13945032905000002,
        0.14080520605000002,
        0.14313380005
      ]
    },
    {
      "command": "\"benchmark_plugingetset\" \"benchmarks/data/generated10000\" user yanlr get",
      "mean": 0.12720263638333332,
      "stddev": 0.0037472602463644064,
      "user": 0.0966666666666667,
      "system": 0.006666666666666667,
      "min": 0.12281657005,
      "max": 0.13848452705,
      "times": [
        0.13848452705,
        0.12978247105000001,
        0.12593970905000001,
        0.12886439705,
        0.12854159205000001,
        0.12606229105,
        0.12876302805,
        0.12374893405000001,
        0.12379093705,
        0.12718226805000002,
        0.12513899105,
        0.12816069405,
        0.12954431105,
        0.12688489205,
        0.12744990405,
        0.12326130805,
        0.12411382705000001,
        0.12281657005,
        0.12334774305000001,
        0.12574536105,
        0.13363160805000002
      ]
    },
    {
      "command": "\"benchmark_plugingetset\" \"benchmarks/data/generated10000\" user yambi get",
      "mean": 0.06555962832906977,
      "stddev": 0.0020500545751869314,
      "user": 0.043255813953488396,
      "system": 0.004651162790697675,
      "min": 0.061805468050000006,
      "max": 0.07036831305,
      "times": [
        0.06661719705000001,
        0.06293028905,
        0.06928808505,
        0.06379302805,
        0.06185268605000001,
        0.06422054505000001,
        0.06406732305,
        0.06786879505,
        0.06506874705,
        0.06350403005000001,
        0.06582967705000001,
        0.06574112905,
        0.061805468050000006,
        0.06465119905000001,
        0.06452812905000001,
        0.06409453605,
        0.06493476805000001,
        0.06526275005,
        0.06419615305000001,
        0.06611075405,
        0.06435035105,
        0.06492597905,
        0.06463798505,
        0.06499777805000001,
        0.06336964205000001,
        0.06504002805,
        0.06368782005000001,
        0.06714415305,
        0.06557077905,
        0.06613856505,
        0.06868473605,
        0.06746750805,
        0.06718464505,
        0.06825942005,
        0.06380012805,
        0.06819814605,
        0.06545000505000001,
        0.06520435205,
        0.06489211105,
        0.06445859105,
        0.07036831305,
        0.06978490305,
        0.06908279005000001
      ]
    },
    {
      "command": "\"benchmark_plugingetset\" \"benchmarks/data/generated10000\" user yawn get",
      "mean": 0.07714950842142855,
      "stddev": 0.0035804498238104117,
      "user": 0.05171428571428574,
      "system": 0.008285714285714289,
      "min": 0.07356610405000001,
      "max": 0.09049081905,
      "times": [
        0.08198311305,
        0.07628411405,
        0.07524403105000001,
        0.07619047105,
        0.07944583705000001,
        0.07595670505,
        0.07699104805000001,
        0.07356610405000001,
        0.07664153205,
        0.07382532905,
        0.07487479805000001,
        0.07829396205,
        0.07525120105000001,
        0.07776207805,
        0.07483923405000001,
        0.07530537805000001,
        0.07724419105000001,
        0.07534938905,
        0.07377899205,
        0.07556656405,
        0.07626923705000001,
        0.07733289505,
        0.07770844605,
        0.07644742105,
        0.07744409805000001,
        0.08246917705000001,
        0.08739311705000001,
        0.07826101205000001,
        0.07402908005,
        0.09049081905,
        0.07582774205000001,
        0.07664477605,
        0.07624189905,
        0.07522998805,
        0.07404901505
      ]
    },
    {
      "command": "\"benchmark_plugingetset\" \"benchmarks/data/generated10000\" user yaypeg get",
      "mean": 0.15684033789210522,
      "stddev": 0.0051895871414289274,
      "user": 0.1336842105263158,
      "system": 0.0031578947368421056,
      "min": 0.15159956805000002,
      "max": 0.17053851805,
      "times": [
        0.15514191705000002,
        0.15600126805,
        0.15206764605,
        0.15159956805000002,
        0.15266265005000001,
        0.15200702805000002,
        0.15260692105,
        0.15645604805000002,
        0.15542717405,
        0.16465943805000002,
        0.15379326905000001,
        0.15856818005,
        0.15404163405000001,
        0.15246266705,
        0.16343967005,
        0.17053851805,
        0.16274246405,
        0.15873712405,
        0.15701323505
      ]
    }
  ]
}
