{
  "results": [
    {
      "command": "\"benchmark_plugingetset\" \"benchmarks/data/generated_10\" user yamlcpp get",
      "mean": 0.02349087777369566,
      "stddev": 0.0028599099936049044,
      "user": 0.0,
      "system": 0.0,
      "min": 0.018512136165,
      "max": 0.036639989165000005,
      "times": [
        0.024124845165000002,
        0.021942773165000002,
        0.018916026165000002,
        0.020431222165000002,
        0.021270206165000003,
        0.022059431165,
        0.022240846165,
        0.023356835165000003,
        0.027699449165,
        0.028985492165,
        0.023726586165,
        0.022117964165,
        0.025388515165000004,
        0.023701021165000002,
        0.023382317165000003,
        0.022299993165,
        0.024770077165,
        0.025262531165,
        0.036639989165000005,
        0.023214038165000003,
        0.023280425165000004,
        0.024262360165000003,
        0.022807048165000003,
        0.024470930165,
        0.022496220165,
        0.023668184165,
        0.021534429165,
        0.021760028165,
        0.022813507165000003,
        0.019122867165,
        0.022349328165,
        0.021850965165000003,
        0.025881679165,
        0.021071638165000003,
        0.022394415165,
        0.023842865165,
        0.024273703165,
        0.025065935165,
        0.026358255165000004,
        0.020049081165000003,
        0.024217394165000003,
        0.023098877165000004,
        0.021285428165000002,
        0.022415966165000002,
        0.021209128165,
        0.022677095165,
        0.022998599165,
        0.023438224165,
        0.020393080165,
        0.021989905165,
        0.028722969165,
        0.023380369165,
        0.025585246165000002,
        0.026299509165000002,
        0.024145555165000002,
        0.024941338165000004,
        0.022177305165,
        0.025443577165,
        0.023105329165,
        0.025737615165,
        0.025067987165000003,
        0.023646242165,
        0.022576949165000002,
        0.021782498165,
        0.023070016165000002,
        0.023911133165,
        0.022122862165000003,
        0.023558942165000003,
        0.021337618165000002,
        0.022667460165000004,
        0.023764087165000003,
        0.027458890165000003,
        0.023280040165,
        0.021924382165000002,
        0.033777866165,
        0.026874283165000002,
        0.023289078165,
        0.021166474165,
        0.019355456165000003,
        0.020259977165,
        0.021485935165,
        0.021948604165000003,
        0.021069388165,
        0.022936442165,
        0.023596067165,
        0.023191073165000003,
        0.023774325165000002,
        0.022925904165,
        0.021003444165000003,
        0.021896109165,
        0.021872532165000003,
        0.022905571165000003,
        0.022340019165000002,
        0.023675910165,
        0.021736527165000002,
        0.024425384165,
        0.020907218165,
        0.022715893165,
        0.022601706165000002,
        0.021505294165,
        0.025655865165000003,
        0.023037644165000003,
        0.022700826165000004,
        0.022267075165,
        0.023308794165,
        0.028086934165,
        0.027191207165,
        0.030080549165000005,
        0.035878428165000004,
        0.024128592165,
        0.023202455165000004,
        0.023573437165000002,
        0.020021103165,
        0.018512136165,
        0.020253769165
      ]
    },
    {
      "command": "\"benchmark_plugingetset\" \"benchmarks/data/generated_10\" user yanlr get",
      "mean": 0.025420356008478265,
      "stddev": 0.003737252807927515,
      "user": 0.0,
      "system": 0.0,
      "min": 0.019812620165000003,
      "max": 0.039515286165,
      "times": [
        0.024283789165000003,
        0.027367370165000002,
        0.023716605165,
        0.024047929165000002,
        0.019859616165000003,
        0.024350674165000002,
        0.023523486165000003,
        0.024311097165000004,
        0.024333411165000002,
        0.024280753165000002,
        0.023829892165,
        0.023914560165,
        0.020478779165000002,
        0.025090286165000003,
        0.022932703165000002,
        0.023391828165000003,
        0.021802200165,
        0.022803048165000003,
        0.021800453165,
        0.023524490165000002,
        0.022246756165000003,
        0.024379271165,
        0.022358236165000003,
        0.023143283165,
        0.022399825165,
        0.020394400165000003,
        0.033991422165,
        0.033335942165,
        0.037742111165,
        0.024575083165,
        0.023674167165000003,
        0.025690168165000003,
        0.029135262165000002,
        0.025728091165,
        0.029357197165,
        0.025473629165,
        0.029268834165000004,
        0.028747938165000004,
        0.028036309165000002,
        0.023783210165000002,
        0.023380517165000003,
        0.021291768165000002,
        0.025738063165000002,
        0.027809547165000004,
        0.024703484165,
        0.023632790165,
        0.021680920165000003,
        0.021724403165000003,
        0.023347702165,
        0.025661287165,
        0.021255505165,
        0.023087799165000002,
        0.039515286165,
        0.024974691165000003,
        0.026663854165,
        0.025184501165,
        0.032645359165000006,
        0.027281602165000002,
        0.026504639165000003,
        0.024631017165,
        0.024894615165,
        0.031499157165,
        0.036259751165,
        0.038015592165,
        0.030348263165,
        0.027697512165000004,
        0.025157566165000003,
        0.026518850165000003,
        0.024094743165,
        0.024592637165,
        0.023115312165000002,
        0.024197860165,
        0.023794454165000003,
        0.019812620165000003,
        0.023199230165,
        0.023162000165000002,
        0.022493808165,
        0.025587180165,
        0.024305480165,
        0.022497532165,
        0.021864587165,
        0.023955377165000003,
        0.022911939165000002,
        0.023234307165000002,
        0.025818697165,
        0.023861767165000002,
        0.024350157165,
        0.025532639165000003,
        0.025010346165000003,
        0.027715611165,
        0.026951575165,
        0.022488522165000004,
        0.029993291165000005,
        0.030527186165000005,
        0.034597273165000005,
        0.025226032165000002,
        0.024106923165000002,
        0.024380377165,
        0.031557342165,
        0.029486967165000003,
        0.025613238165000003,
        0.028133261165000003,
        0.024606343165000003,
        0.026632676165,
        0.025629343165000002,
        0.023431717165,
        0.024517188165000002,
        0.022999980165000003,
        0.023470100165,
        0.022980367165,
        0.022494584165,
        0.024984573165000003,
        0.023983738165,
        0.022620740165000004,
        0.022609160165000003
      ]
    },
    {
      "command": "\"benchmark_plugingetset\" \"benchmarks/data/generated_10\" user yambi get",
      "mean": 0.017768336671944437,
      "stddev": 0.0017960731730162767,
      "user": 0.0,
      "system": 0.0,
      "min": 0.012205872165000001,
      "max": 0.021886471165,