{
  "results": [
    {
      "command": "\"benchmark_plugingetset\" \"benchmarks/data/generated10000\" user yamlcpp get",
      "mean": 0.2427728564516667,
      "stddev": 0.002239553010259573,
      "user": 0.23592226000000002,
      "system": 0.004620268333333333,
      "min": 0.23965348828500002,
      "max": 0.24603652028500003,
      "times": [
        0.24564245428500003,
        0.24344426028500002,
        0.24207252628500003,
        0.24097457028500002,
        0.23965348828500002,
        0.24239046928500002,
        0.24019261428500002,
        0.24130212228500003,
        0.24591680728500004,
        0.24603652028500003,
        0.241496948285,
        0.24415149628500002
      ]
    },
    {
      "command": "\"benchmark_plugingetset\" \"benchmarks/data/generated10000\" user yanlr get",
      "mean": 0.1218493158266667,
      "stddev": 0.0013290634370951321,
      "user": 0.11194555166666666,
      "system": 0.0078048933333333325,
      "min": 0.11943170328500001,
      "max": 0.12479596928500002,
      "times": [
        0.120828886285,
        0.12479596928500002,
        0.120986687285,
        0.121741258285,
        0.12055770628500001,
        0.12096956728500001,
        0.122610873285,
        0.12222307528500001,
        0.124031825285,
        0.121607663285,
        0.11943170328500001,
        0.123440258285,
        0.123163069285,
        0.120431662285,
        0.120229582285,
        0.120435444285,
        0.12221994328500001,
        0.122155128285,
        0.121202891285,
        0.122025110285,
        0.123459158285,
        0.122732794285,
        0.120776817285,
        0.122326505285
      ]
    },
    {
      "command": "\"benchmark_plugingetset\" \"benchmarks/data/generated10000\" user yambi get",
      "mean": 0.17886069209750002,
      "stddev": 0.002239246240449385,
      "user": 0.173548635,
      "system": 0.0030395599999999993,
      "min": 0.17646053828500002,
      "max": 0.18475848528500002,
      "times": [
        0.17809077528500003,
        0.17652088028500001,
        0.17923295928500002,
        0.177491410285,
        0.177674069285,
        0.17798829528500001,
        0.17855338928500003,
        0.18267652328500003,
        0.17958597128500003,
        0.17646053828500002,
        0.18475848528500002,
        0.17750673528500002,
        0.17686735728500003,
        0.18039231928500002,
        0.178259819285,
        0.17971154528500002
      ]
    },
    {
      "command": "\"benchmark_plugingetset\" \"benchmarks/data/generated10000\" user yawn get",
      "mean": 0.07633735279851352,
      "stddev": 0.0012492636750865518,
      "user": 0.06909685459459461,
      "system": 0.005102793108108108,
      "min": 0.074149514285,
      "max": 0.080008557285,
      "times": [
        0.077156365285,
        0.074754105285,
        0.07448483828500001,
        0.076645090285,
        0.078296781285,
        0.076278422285,
        0.075354912285,
        0.076317125285,
        0.075275636285,
        0.075399153285,
        0.077002872285,
        0.076353893285,
        0.076051175285,
        0.075323074285,
        0.074608222285,
        0.077495306285,
        0.076395157285,
        0.077262575285,
        0.077116123285,
        0.077155273285,
        0.076615290285,
        0.080008557285,
        0.07580866428500001,
        0.077612497285,
        0.077686135285,
        0.074149514285,
        0.074704430285,
        0.07577955728500001,
        0.076965111285,
        0.076832149285,
        0.077130780285,
        0.074918803285,
        0.078477281285,
        0.075491963285,
        0.075793520285,
        0.075483821285,
        0.076297874285
      ]
    },
    {
      "command": "\"benchmark_plugingetset\" \"benchmarks/data/generated10000\" user yaypeg get",
      "mean": 0.368077523885,
      "stddev": 0.0027340939486182997,
      "user": 0.36153076,
      "system": 0.004207984999999999,
      "min": 0.365135664285,
      "max": 0.37425536528500003,
      "times": [
        0.370082047285,
        0.365135664285,
        0.366137474285,
        0.368884853285,
        0.365931794285,
        0.367271354285,
        0.37425536528500003,
        0.367611053285,
        0.365955997285,
        0.369509635285
      ]
    }
  ]
}
