{
  "results": [
    {
      "command": "\"benchmark_plugingetset\" \"benchmarks/data/generated1000\" user yamlcpp get",
      "mean": 0.03538831052829267,
      "stddev": 0.0028920524865597313,
      "user": 0.009268292682926834,
      "system": 0.000975609756097561,
      "min": 0.029915018260000002,
      "max": 0.047561098260000004,
      "times": [
        0.03414283126,
        0.03519472026,
        0.03662270826,
        0.03954090726,
        0.03724635126,
        0.036465094260000004,
        0.047561098260000004,
        0.040816663260000004,
        0.03628901926,
        0.03337142026,
        0.03434678126,
        0.03563139626,
        0.03281046326,
        0.035590423260000004,
        0.03625273826,
        0.03156704526,
        0.03231296626,
        0.03340169926,
        0.03262938326,
        0.03364272126,
        0.036189862260000004,
        0.03702412226,
        0.041048417260000004,
        0.03890271126,
        0.03966485526,
        0.03729351126,
        0.03248942726,
        0.03377285426,
        0.03649117826,
        0.03308925626,
        0.03521648826,
        0.03316881526,
        0.030654087259999997,
        0.03231766526,
        0.03307608226,
        0.03453708226,
        0.03366780826,
        0.03438540726,
        0.03593878826,
        0.03136206926,
        0.03532708626,
        0.03381131626,
        0.03640962226,
        0.03579222926,
        0.03364246726,
        0.03271115026,
        0.03267257926,
        0.03454471026,
        0.03196825526,
        0.029915018260000002,
        0.03312237326,
        0.03508597026,
        0.03611904226,
        0.04187027226,
        0.04048366526,
        0.03592938026,
        0.03512609226,
        0.03649184226,
        0.03951594726,
        0.03961618626,
        0.03572597626,
        0.03537002326,
        0.03556335726,
        0.03299326826,
        0.03861534626,
        0.03520306126,
        0.03229948826,
        0.03485834526,
        0.04029954526,
        0.03337479226,
        0.03140693426,
        0.03638735626,
        0.03650091926,
        0.03599892526,
        0.03592575226,
        0.034759294260000004,
        0.03397252826,
        0.03211806026,
        0.03399222426,
        0.03582845026,
        0.03840972426,
        0.03635596426
      ]
    },
    {
      "command": "\"benchmark_plugingetset\" \"benchmarks/data/generated1000\" user yanlr get",
      "mean": 0.035557856380000016,
      "stddev": 0.0021892653958195908,
      "user": 0.008800000000000004,
      "system": 0.0012,
      "min": 0.03140233326,
      "max": 0.04225169226,
      "times": [
        0.03768521726,
        0.035979028260000004,
        0.03755949126,
        0.03572833526,
        0.03450099226,
        0.03720865926,
        0.03576666926,
        0.03686990726,
        0.03574697226,
        0.03505339026,
        0.038552422260000004,
        0.03712439626,
        0.03402981826,
        0.03140233326,
        0.03258399626,
        0.03364199326,
        0.03203420026,
        0.03458852726,
        0.03441125826,
        0.03571455026,
        0.03604604526,
        0.03421506326,
        0.03690330426,
        0.03219549026,
        0.03180907826,
        0.03391861726,
        0.03247373526,
        0.03329628526,
        0.03506704226,
        0.03671471626,
        0.03794113826,
        0.036628602260000004,
        0.03679585926,
        0.03728715926,
        0.03518243526,
        0.03445156526,
        0.03308629826,
        0.03699469526,
        0.03539934826,
        0.03715824126,
        0.03584879826,
        0.03558930326,
        0.036786836260000004,
        0.033747283260000004,
        0.03497050226,
        0.03275785726,
        0.03691166726,
        0.04225169226,
        0.04196582126,
        0.039656291260000004,
        0.03971201326,
        0.03750075326,
        0.03554083526,
        0.03658780726,
        0.03460163126,
        0.03567090326,
        0.03525116026,
        0.03593080326,
        0.03530543126,
        0.03672550426,
        0.03698559726,
        0.03476554226,
        0.03616248926,
        0.03210295026,
        0.03223503626,
        0.03380442726,
        0.03878575426,
        0.03322153026,
        0.03694166626,
        0.03570088326,
        0.03213670426,
        0.03457428226,
        0.03673519226,
        0.03309257126,
        0.03653482826
      ]
    },
    {
      "command": "\"benchmark_plugingetset\" \"benchmarks/data/generated1000\" user yambi get",
      "mean": 0.023180496368910886,
      "stddev": 0.002498330874196374,
      "user": 0.00009900990099009902,
      "system": 0.0,
      "min": 0.01841527126,
      "max": 0.031127063259999997,
      "times": [
        0.02749990226,
        0.02538403526,
        0.02581687026,
        0.02806880126,
        0.02615781726,
        0.02442521626,
        0.02637309426,
        0.031127063259999997,
        0.02577424326,
        0.02481033926,
        0.02307993426,
        0.02540039426,
        0.02479699326,
        0.02464306426,
        0.02455145126,
        0.02496962026,
        0.02417458926,
        0.02707436826,
        0.02718952826,
        0.02577720526,
        0.02589631026,
        0.02450876226,
        0.02500388826,
        0.02537580126,
        0.02423384326,
        0.02449342426,
        0.02565940626,
        0.02425222726,
        0.02360288626,
        0.02528436426,
        0.02697304226,
        0.02470600926,
        0.02535539426,
        0.02630948726,
        0.02663987926,
        0.02494977026,
        0.02443233226,
        0.02464372526,
        0.02681931826,
        0.02821495326,
        0.02269269726,
        0.02333808526,
        0.02479545626,
        0.02393579326,
        0.02504513826,
        0.02510018226,
        0.02808867126,
        0.022689382259999998,
        0.02383425026,
        0.02016677826,
        0.02057710826,
        0.01983124326,
        0.02081600126,
        0.02072770526,
        0.02062173226,
        0.02111021326,
        0.02236461026,
        0.02026012726,
        0.02148085726,
        0.02199506526,
        0.02209921926,
        0.02030837826,
        0.02089436926,
        0.02159927626,
        0.02042645626,
        0.02115011226,
        0.01984754226,
        0.02075530926,
        0.02168466226,
        0.02111296826,
        0.02043949226,
        0.02110935026,
        0.02223113426,
        0.01994381026,
        0.02060025826,
        0.02049794726,
        0.02107068226,
        0.02200319726,
        0.02172614226,
        0.022051198259999998,
        0.02150575726,
        0.02359780026,
        0.02084918126,
        0.02088520526,
        0.02101536526,
        0.02054303626,
        0.02158749126,
        0.02039194726,
        0.02114884126,
        0.02366583026,
        0.02147912126,
        0.01841527126,
        0.02230115526,
        0.02047972326,
        0.02090241526,
        0.02082798826,
        0.02099740526,
        0.02090030926,
        0.02169730126,
        0.02216371126,
        0.02040331526
      ]
    },
    {
      "command": "\"benchmark_plugingetset\" \"benchmarks/data/generated1000\" user yawn get",
      "mean": 0.026640567571475406,
      "stddev": 0.0029840428968111966,
      "user": 0.007786885245901645,
      "system": 0.002049180327868853,
      "min": 0.02064816826,
      "max": 0.03526896026,