{
  "results": [
    {
      "command": "\"benchmark_plugingetset\" \"benchmarks/data/generated_5000\" user yamlcpp get",
      "mean": 0.07805160910810813,
      "stddev": 0.002076377369948063,
      "user": 0.0456756756756757,
      "system": 0.004324324324324324,
      "min": 0.07255550100000001,
      "max": 0.08107080100000001,
      "times": [
        0.078229401,
        0.07710920100000002,
        0.07348740100000001,
        0.078270401,
        0.075835201,
        0.08063600100000001,
        0.079460501,
        0.079667101,
        0.07984410100000001,
        0.073807201,
        0.08107080100000001,
        0.07696100100000001,
        0.078694201,
        0.07608550100000001,
        0.079019901,
        0.077857301,
        0.07858910100000001,
        0.079486601,
        0.07255550100000001,
        0.07500780100000001,
        0.080440801,
        0.077065301,
        0.07760840100000001,
        0.07773020100000001,
        0.08062200100000001,
        0.078702401,
        0.08025960100000001,
        0.079012701,
        0.07852220100000001,
        0.07949400100000001,
        0.07741700100000001,
        0.08015350100000002,
        0.08021600100000001,
        0.07651770100000001,
        0.076033601,
        0.078728001,
        0.07771190100000001
      ]
    },
    {
      "command": "\"benchmark_plugingetset\" \"benchmarks/data/generated_5000\" user yanlr get",
      "mean": 0.07469827667567568,
      "stddev": 0.0023361490008375137,
      "user": 0.047567567567567595,
      "system": 0.0024324324324324323,
      "min": 0.07033420100000001,
      "max": 0.08013060100000001,
      "times": [
        0.07797380100000001,
        0.07897090100000001,
        0.07766880100000001,
        0.076549401,
        0.07357640100000001,
        0.076123801,
        0.07569950100000002,
        0.07718900100000001,
        0.07803130100000001,
        0.072942501,
        0.074873901,
        0.07553430100000001,
        0.08013060100000001,
        0.07826190100000001,
        0.07625230100000001,
        0.07593090100000001,
        0.07331950100000001,
        0.07261630100000001,
        0.07033420100000001,
        0.07538140100000001,
        0.07357880100000001,
        0.07384650100000001,
        0.07164260100000001,
        0.07302610100000001,
        0.072829001,
        0.07428540100000001,
        0.075896001,
        0.07219220100000001,
        0.072384501,
        0.071137901,
        0.07492390100000001,
        0.07393980100000001,
        0.07525690100000001,
        0.07269610100000001,
        0.07255990100000001,
        0.07326350100000001,
        0.07301640100000001
      ]
    },
    {
      "command": "\"benchmark_plugingetset\" \"benchmarks/data/generated_5000\" user yambi get",
      "mean": 0.04129263176923077,
      "stddev": 0.0018949606635035893,
      "user": 0.017230769230769244,
      "system": 0.0027692307692307695,
      "min": 0.038255401,
      "max": 0.045879001,
      "times": [
        0.044363401000000004,
        0.044558501,
        0.045879001,
        0.044675601,
        0.039792101,
        0.040525901,
        0.040365301,
        0.044139701,
        0.042167101,
        0.038861901,
        0.042106201,
        0.041275501,
        0.041080901,
        0.040056101000000004,
        0.039953001,
        0.040147301,
        0.039019601,
        0.039848601,
        0.040268501,
        0.043629801,
        0.040161501,
        0.041751201,
        0.039788701,
        0.042449601000000003,
        0.039590501,
        0.043999701,
        0.042265601,
        0.039868801,
        0.039525401,
        0.042177401,
        0.040339601,
        0.039932501,
        0.038451101,
        0.042199701,
        0.042647001000000004,
        0.041531501,
        0.043443001,
        0.039863401,
        0.041544401,
        0.039756001,
        0.040314701,
        0.038255401,
        0.041454901,
        0.042017101,
        0.041454801,
        0.039269301,
        0.041737201,
        0.038946301,
        0.042785801,
        0.043802901,
        0.042149601,
        0.042747801,
        0.043987401,
        0.044042101,
        0.039460801000000004,
        0.042644401,
        0.040209701,
        0.044778201000000004,
        0.043340801,
        0.039215601,
        0.041129201,
        0.038425301,
        0.039330001,
        0.039848501,
        0.038672601
      ]
    },
    {
      "command": "\"benchmark_plugingetset\" \"benchmarks/data/generated_5000\" user yawn get",
      "mean": 0.048185342071428584,
      "stddev": 0.0020497890030463485,
      "user": 0.026964285714285736,
      "system": 0.003035714285714286,
      "min": 0.044199001,
      "max": 0.052966901000000004,
      "times": [
        0.051538901,
        0.046871201,
        0.047605901,
        0.047878001,
        0.051763701,
        0.047824201000000004,
        0.044799101,
        0.048570601,
        0.049503201000000004,
        0.051307401,
        0.046732601,
        0.049954201000000004,
        0.046790301,
        0.046840301,
        0.046566601,
        0.050133001,
        0.047116701000000004,
        0.046706101,
        0.045360601,
        0.046568301,
        0.049360401,
        0.052966901000000004,
        0.049180501,
        0.049920701,
        0.048934601,
        0.049761901000000004,
        0.048562601000000004,
        0.047243901,
        0.048022901,
        0.047493301,
        0.051271101,
        0.051009901,
        0.048749201,
        0.048607401,
        0.049326201,
        0.050895201,
        0.051091201,
        0.049825801,
        0.052951401,
        0.046497301,
        0.046708301,
        0.047164401,
        0.047162101,
        0.044199001,
        0.046192701,
        0.047267301,
        0.046408701000000004,
        0.045158201,
        0.046549401000000004,
        0.048405601,
        0.046126801,
        0.046489901,
        0.046593201,
        0.047269601,
        0.045868301,
        0.048712301
      ]
    },
    {
      "command": "\"benchmark_plugingetset\" \"benchmarks/data/generated_5000\" user yaypeg get",
      "mean": 0.08602737747058825,
      "stddev": 0.00230006643751987,
      "user": 0.06529411764705884,
      "system": 0.0026470588235294116,
      "min": 0.08258190100000001,
      "max": 0.09139080100000001,
      "times": [
        0.08645330100000001,
        0.08652290100000001,
        0.088804401,
        0.08291450100000002,
        0.08619000100000002,
        0.08862070100000001,
        0.08413770100000001,
        0.085614801,
        0.087806801,
        0.083540501,
        0.08426090100000001,
        0.08591340100000001,
        0.08573710100000001,
        0.085403401,
        0.08370920100000001,
        0.087957401,
        0.082820501,
        0.08801830100000001,
        0.08937300100000001,
        0.09139080100000001,
        0.08532120100000001,
        0.08501430100000001,
        0.08583610100000001,
        0.08639930100000001,
        0.09028530100000001,
        0.08287180100000001,
        0.08644960100000001,
        0.08549830100000001,
        0.08657660100000002,
        0.08258190100000001,
        0.08303640100000001,
        0.08496450100000001,
        0.09004480100000001,
        0.08486110100000001
      ]
    }
  ]
}
