{
  "results": [
    {
      "command": "\"benchmark_plugingetset\" \"benchmarks/data/generated_5000\" user yamlcpp get",
      "mean": 0.08853054700000001,
      "stddev": 0.005680373651044787,
      "user": 0.05937500000000003,
      "system": 0.0021875,
      "min": 0.080301997,
      "max": 0.103061497,
      "times": [
        0.090474397,
        0.089165997,
        0.093541397,
        0.094887597,
        0.088379997,
        0.081803797,
        0.084367497,
        0.09950439700000001,
        0.103061497,
        0.092141897,
        0.09325509700000001,
        0.085753597,
        0.088764797,
        0.09269909700000001,
        0.099306197,
        0.09650059700000001,
        0.08415349700000001,
        0.081258097,
        0.08559599700000001,
        0.087275597,
        0.08610419700000001,
        0.080301997,
        0.082231697,
        0.085200497,
        0.088114197,
        0.085848697,
        0.088816197,
        0.088200597,
        0.084380097,
        0.083555297,
        0.083160597,
        0.085172397
      ]
    },
    {
      "command": "\"benchmark_plugingetset\" \"benchmarks/data/generated_5000\" user yanlr get",
      "mean": 0.08646066972727273,
      "stddev": 0.009923600817976582,
      "user": 0.05272727272727274,
      "system": 0.005757575757575758,
      "min": 0.074933497,
      "max": 0.112147297,
      "times": [
        0.08821609700000001,
        0.112147297,
        0.08244069700000001,
        0.08295519700000001,
        0.085456397,
        0.079002697,
        0.081386097,
        0.079958097,
        0.078808197,
        0.079409697,
        0.077070597,
        0.083352797,
        0.104333597,
        0.098424597,
        0.10237359700000001,
        0.11160979700000001,
        0.08360869700000001,
        0.082249897,
        0.086370097,
        0.092397197,
        0.08948439700000001,
        0.079892297,
        0.07748529700000001,
        0.078082097,
        0.077101897,
        0.074933497,
        0.076843197,
        0.083209397,
        0.08633109700000001,
        0.089985997,
        0.091673197,
        0.09687179700000001,
        0.079736597
      ]
    },
    {
      "command": "\"benchmark_plugingetset\" \"benchmarks/data/generated_5000\" user yambi get",
      "mean": 0.04720086033333335,
      "stddev": 0.004748146776641501,
      "user": 0.021833333333333347,
      "system": 0.0013333333333333333,
      "min": 0.038261697,
      "max": 0.059403597,
      "times": [
        0.047943497,
        0.046760597,
        0.049472997,
        0.048258097,
        0.049017697,
        0.048259797,
        0.048544697,
        0.046412797,
        0.045872497,
        0.047951097,
        0.053605997,
        0.050217997,
        0.054410097000000004,
        0.059403597,
        0.055210797,
        0.050799297,
        0.053896697,
        0.055497697,
        0.053571197,
        0.056060697,
        0.052882397000000005,
        0.049616997,
        0.054189497,
        0.053916697,
        0.048530597,
        0.049437097,
        0.048657097,
        0.049277897,
        0.051015397000000004,
        0.049016697,
        0.045389397,
        0.044783797,
        0.044564497,
        0.042695997,
        0.041546997,
        0.042378197,
        0.048025397,
        0.043969697,
        0.042956197,
        0.043251497,
        0.043025597,
        0.046226497,
        0.051027897,
        0.045005997,
        0.038261697,
        0.040613297,
        0.041951997,
        0.043535097,
        0.044564097000000004,
        0.043699897,
        0.045444197,
        0.041680997,
        0.044685997,
        0.043671897,
        0.039737897,
        0.044022997,
        0.042788997,
        0.041654797,
        0.040883997,
        0.042297897
      ]
    },
    {
      "command": "\"benchmark_plugingetset\" \"benchmarks/data/generated_5000\" user yawn get",
      "mean": 0.04931107896721313,
      "stddev": 0.002369974164522207,
      "user": 0.02540983606557379,
      "system": 0.004590163934426231,
      "min": 0.045483197,
      "max": 0.055646797000000005,
      "times": [
        0.047340297,
        0.048683497,
        0.049040297000000004,
        0.046363197,
        0.045919697,
        0.049338397,
        0.047797197,
        0.049603597,
        0.048206697,
        0.051153397,
        0.048268697,
        0.049171697,
        0.049786797,
        0.048888197,
        0.047698097,
        0.049501997,
        0.046359497,
        0.048378397000000004,
        0.046649097,
        0.049732297,
        0.050435797000000004,
        0.048158197,
        0.050383697,
        0.045483197,
        0.045500397,
        0.047457397,
        0.047472197,
        0.047842997,
        0.048059997,
        0.046371097,
        0.048834397,
        0.050466597,
        0.049774297,
        0.045811297,
        0.052775797,
        0.047609497,
        0.051731497,
        0.049078797,
        0.055646797000000005,
        0.052010597,
        0.052445497,
        0.053017597,
        0.055415797,
        0.047407497,
        0.050038097000000004,
        0.051445997,
        0.048978597,
        0.051428097,
        0.052639097,
        0.048814697000000004,
        0.049728197,
        0.049450897,
        0.047708397,
        0.045625997,
        0.048309597,
        0.047712497,
        0.052712097,
        0.053430597,
        0.052927697,
        0.051037897,
        0.048915397
      ]
    },
    {
      "command": "\"benchmark_plugingetset\" \"benchmarks/data/generated_5000\" user yaypeg get",
      "mean": 0.08923210609090908,
      "stddev": 0.0028039716435312384,
      "user": 0.06696969696969698,
      "system": 0.0009090909090909091,
      "min": 0.084257497,
      "max": 0.09592199700000001,
      "times": [
        0.088063797,
        0.090156897,
        0.091186797,
        0.085757097,
        0.08642039700000001,
        0.085849197,
        0.089720697,
        0.090500097,
        0.090950697,
        0.088492097,
        0.09170539700000001,
        0.09592199700000001,
        0.088715997,
        0.092731097,
        0.086265697,
        0.089236497,
        0.090976597,
        0.094458397,
        0.086314497,
        0.09293659700000001,
        0.091739497,
        0.086907897,
        0.089456297,
        0.08495369700000001,
        0.090282497,
        0.086598197,
        0.084257497,
        0.086210497,
        0.088887797,
        0.091638097,
        0.090792697,
        0.08926539700000001,
        0.087308897
      ]
    }
  ]
}
