{
  "results": [
    {
      "command": "\"benchmark_plugingetset\" \"benchmarks/data/generated100\" user yamlcpp get",
      "mean": 0.02367325609333333,
      "stddev": 0.0029127476525387134,
      "user": 0.00008333333333333333,
      "system": 0.0,
      "min": 0.019778132285000003,
      "max": 0.037378913285,
      "times": [
        0.023189426285000002,
        0.022191256285000002,
        0.021115428285,
        0.021717425285,
        0.024935794285000003,
        0.024305507285000003,
        0.023166836285000002,
        0.024668219285,
        0.023468344285,
        0.023988860285000004,
        0.023946354285000002,
        0.024104894285,
        0.023177532285000003,
        0.023250560285000003,
        0.024655858285000002,
        0.026155488285000004,
        0.027861347285,
        0.025194063285000002,
        0.024616289285000002,
        0.037210839285000005,
        0.037378913285,
        0.033628681285,
        0.035459497285,
        0.023943590285000003,
        0.022846615285000003,
        0.023798942285000003,
        0.024825053285000002,
        0.026279481285000003,
        0.023583067285000002,
        0.021008185285,
        0.022573240285,
        0.022021892285,
        0.027572272285,
        0.033228972285000005,
        0.022892098285000002,
        0.025070983285,
        0.023104406285000004,
        0.022824447285,
        0.021519447285000003,
        0.023254634285000002,
        0.022129533285000003,
        0.021858938285,
        0.021962053285,
        0.022426817285,
        0.023096940285000003,
        0.020316441285,
        0.023069391285,
        0.022435336285000003,
        0.022142459285000003,
        0.023305541285000002,
        0.021898374285,
        0.022971077285000002,
        0.022228397285000003,
        0.023660630285,
        0.020867078285000003,
        0.022963998285000002,
        0.019943815285000003,
        0.022746115285000004,
        0.022725744285000002,
        0.023410008285000002,
        0.022602146285000003,
        0.022790266285000003,
        0.025232427285,
        0.024235767285,
        0.021184984285000003,
        0.024320100285000004,
        0.022844988285000003,
        0.024782308285000002,
        0.021585161285,
        0.022545489285,
        0.021668028285,
        0.021531122285000003,
        0.023341079285000003,
        0.022674401285000003,
        0.023238582285000003,
        0.023972771285000003,
        0.024393289285,
        0.023589818285,
        0.022304485285,
        0.021504204285000002,
        0.023246571285000003,
        0.022848728285,
        0.025397992285000004,
        0.022194776285000002,
        0.023761523285000002,
        0.024112036285000003,
        0.023079574285,
        0.024741355285000002,
        0.021787616285000002,
        0.022313197285000003,
        0.023758451285000003,
        0.023257604285,
        0.023114970285,
        0.025372813285000004,
        0.022720233285000002,
        0.020945449285,
        0.020095971285000003,
        0.022098972285,
        0.023634308285000002,
        0.023509015285,
        0.022010544285000003,
        0.022168274285,
        0.022362444285,
        0.026237674285000002,
        0.021938923285000002,
        0.022298524285000003,
        0.021185602285,
        0.023439897285,
        0.022026557285,
        0.029367712285000003,
        0.024943057285000004,
        0.022510346285000003,
        0.019778132285000003,
        0.022952759285000002,
        0.024419069285,
        0.022705131285000003,
        0.024126250285,
        0.024499325285,
        0.022544938285000003,
        0.021049551285000002
      ]
    },
    {
      "command": "\"benchmark_plugingetset\" \"benchmarks/data/generated100\" user yanlr get",
      "mean": 0.024233237817110106,
      "stddev": 0.001758341507842487,
      "user": 0.0,
      "system": 0.0,
      "min": 0.019457399285000003,
      "max": 0.029888729285000006,
      "times": [
        0.025713467285000003,
        0.024790668285,
        0.021998274285,
        0.024479440285,
        0.024236575285000003,
        0.022241289285000004,
        0.023684912285,
        0.023087904285000002,
        0.024871946285,
        0.023859840285000003,
        0.023424732285000003,
        0.021475131285,
        0.025686248285,
        0.024183087285,
        0.023525732285000003,
        0.025738880285,
        0.026138746285000004,
        0.024219635285000003,
        0.026207394285,
        0.026100237285,
        0.024368502285000003,
        0.023023628285000004,
        0.024804804285000003,
        0.021814273285,
        0.023661255285000002,
        0.023346121285000004,
        0.022453064285,
        0.023989158285000003,
        0.022551676285000002,
        0.024208396285000003,
        0.024926639285000003,
        0.024074674285000004,
        0.025293522285,
        0.022823087285,
        0.022818725285,
        0.023695227285000002,
        0.024359374285000002,
        0.025333469285000004,
        0.023159168285000004,
        0.024704417285000002,
        0.027039079285000003,
        0.023633651285,
        0.022848858285000002,
        0.024882578285,
        0.024308832285,
        0.021586326285000002,
        0.023883466285000002,
        0.025253194285000002,
        0.023614272285,
        0.021099524285,
        0.027584688285000002,
        0.027794683285000003,
        0.026570664285000004,
        0.026329195285000002,
        0.025268914285000003,
        0.029888729285000006,
        0.024178044285000002,
        0.029157413285000003,
        0.025515737285000003,
        0.020884053285000002,
        0.023207502285,
        0.028385367285,
        0.025113653285000002,
        0.022556992285,
        0.025079429285000003,
        0.022508017285,
        0.023068052285,
        0.025808989285000004,
        0.024970917285,
        0.022219938285,
        0.023482440285000003,
        0.022735232285,
        0.023939331285,
        0.019457399285000003,
        0.023493888285000004,
        0.022420644285000003,
        0.026306403285000002,
        0.025685397285,
        0.024544991285,
        0.022004165285000002,
        0.023856692285,
        0.020850917285000003,
        0.025290621285000002,
        0.024962088285000003,
        0.023488738285,
        0.024165363285,
        0.023316677285000004,
        0.022422991285000003,
        0.025119477285,
        0.022827686285000003,
        0.022380261285,
        0.023004658285000004,
        0.022241285285000002,
        0.024149236285000004,
        0.025863102285,
        0.022152301285000002,
        0.024108473285,
        0.025805759285000004,
        0.025700532285,
        0.023772266285000003,
        0.025073406285000002,
        0.027148407285000002,
        0.022610563285000003,
        0.025469585285000002,
        0.026814777285,
        0.024207613285000002,
        0.024343818285000002,
        0.025899374285000002,
        0.024992263285000003
      ]
    },
    {
      "command": "\"benchmark_plugingetset\" \"benchmarks/data/generated100\" user yambi get",
      "mean": 0.018898113825540547,
      "stddev": 0.0014333206091965032,
      "user": 0.0,
      "system": 0.0,
      "min": 0.013514115285,
      "max": 0.025209359285000003,