{
  "results": [
    {
      "command": "\"benchmark_plugingetset\" \"benchmarks/data/generated1000\" user yamlcpp get",
      "mean": 0.03642772982761905,
      "stddev": 0.002853394964088587,
      "user": 0.008690476190476196,
      "system": 0.0015476190476190472,
      "min": 0.03037314853,
      "max": 0.046594059529999995,
      "times": [
        0.03385434453,
        0.03484528653,
        0.036141354529999996,
        0.033670657529999995,
        0.03688324253,
        0.04017657953,
        0.04090940753,
        0.04042463353,
        0.04074968253,
        0.03846267453,
        0.04471567453,
        0.034596610529999995,
        0.03634618253,
        0.04092511953,
        0.03832371553,
        0.035894215529999995,
        0.04013734653,
        0.031548304529999995,
        0.03491676753,
        0.035634933529999996,
        0.035603256529999995,
        0.034886712529999996,
        0.046594059529999995,
        0.04622352553,
        0.03465219153,
        0.03551747053,
        0.03518698953,
        0.036595848529999996,
        0.036069638529999996,
        0.03604538753,
        0.037205334529999995,
        0.03703982553,
        0.034967496529999996,
        0.033848627529999994,
        0.03099592453,
        0.03532432953,
        0.03675859353,
        0.036838308529999995,
        0.03701249953,
        0.03519869353,
        0.03688784253,
        0.03662907553,
        0.03612301553,
        0.034653799529999994,
        0.034854310529999995,
        0.03650415253,
        0.039338232529999996,
        0.036432460529999995,
        0.03699190653,
        0.03606920153,
        0.038596300529999995,
        0.036792457529999996,
        0.036012427529999995,
        0.03701727553,
        0.03523112353,
        0.034747051529999996,
        0.03619647753,
        0.030765772530000002,
        0.031207262529999998,
        0.030603199530000003,
        0.03037314853,
        0.03644117753,
        0.03420360653,
        0.03733700653,
        0.03782499253,
        0.038273728529999995,
        0.035937679529999995,
        0.03551317253,
        0.03483261953,
        0.03555951953,
        0.03733102453,
        0.03606581053,
        0.03519647653,
        0.03642575453,
        0.03703259053,
        0.032099439529999996,
        0.037723210529999995,
        0.03833449453,
        0.037204278529999996,
        0.03605056853,
        0.03694368253,
        0.03669014953,
        0.03612395853,
        0.037036422529999995
      ]
    },
    {
      "command": "\"benchmark_plugingetset\" \"benchmarks/data/generated1000\" user yanlr get",
      "mean": 0.03310019066749999,
      "stddev": 0.0026505190310808827,
      "user": 0.008375000000000004,
      "system": 0.0016249999999999997,
      "min": 0.02815604653,
      "max": 0.04100974953,
      "times": [
        0.035830052529999996,
        0.034399103529999996,
        0.03741405553,
        0.04100974953,
        0.03538118053,
        0.03525153353,
        0.03574796053,
        0.03569872953,
        0.03559897853,
        0.034752049529999995,
        0.03528762053,
        0.036138283529999995,
        0.03850519653,
        0.03555520753,
        0.03624921353,
        0.03415761353,
        0.03730857353,
        0.03627989953,
        0.03472635953,
        0.03311049653,
        0.03515818453,
        0.03476232753,
        0.035444956529999995,
        0.035194506529999996,
        0.034155391529999996,
        0.03186520353,
        0.031753176529999996,
        0.035738961529999995,
        0.03102843553,
        0.030805782530000003,
        0.03392779253,
        0.03056088853,
        0.02882285953,
        0.03382588753,
        0.028738955530000002,
        0.030944871529999998,
        0.03054874953,
        0.034506648529999996,
        0.03514514353,
        0.032157934529999994,
        0.030975933530000003,
        0.031644749529999995,
        0.03131750153,
        0.03134850953,
        0.03146067953,
        0.030290446530000004,
        0.02815604653,
        0.03026444753,
        0.030786374530000004,
        0.030127478529999998,
        0.03754548753,
        0.03257091953,
        0.03055822353,
        0.03014409653,
        0.03194318653,
        0.030910885529999998,
        0.03179344153,
        0.03008246653,
        0.030654388530000003,
        0.029740051530000002,
        0.03317210353,
        0.03158336353,
        0.03015961353,
        0.030345461530000003,
        0.02994715953,
        0.03026314153,
        0.02979568753,
        0.031064189529999998,
        0.03196107853,
        0.03705063453,
        0.03329602753,
        0.032463747529999996,
        0.03399503753,
        0.03370510953,
        0.03430205853,
        0.03818650453,
        0.03377948753,
        0.03238137953,
        0.031576393529999996,
        0.033183244529999996
      ]
    },
    {
      "command": "\"benchmark_plugingetset\" \"benchmarks/data/generated1000\" user yambi get",
      "mean": 0.023204080754137938,
      "stddev": 0.001851712321612161,
      "user": 0.0,
      "system": 0.0,
      "min": 0.01942800653,
      "max": 0.02881375653,