{
  "results": [
    {
      "command": "\"benchmark_plugingetset\" \"benchmarks/data/generated_50\" user yamlcpp get",
      "mean": 0.023921746896551722,
      "stddev": 0.002601052800685143,
      "user": 0.0,
      "system": 0.0,
      "min": 0.01814944,
      "max": 0.03766614,
      "times": [
        0.024001440000000002,
        0.02412734,
        0.02438564,
        0.02672424,
        0.02420814,
        0.02426864,
        0.025811340000000002,
        0.025908340000000002,
        0.02586194,
        0.02471264,
        0.02651804,
        0.024411040000000002,
        0.02647464,
        0.02556024,
        0.02494064,
        0.028343240000000002,
        0.02516144,
        0.02897204,
        0.025528040000000002,
        0.025156340000000003,
        0.02845374,
        0.02299934,
        0.01938764,
        0.023045740000000002,
        0.02386574,
        0.02412284,
        0.03766614,
        0.025190840000000003,
        0.02495004,
        0.024284840000000002,
        0.02550194,
        0.025366140000000002,
        0.02984394,
        0.02487164,
        0.02455074,
        0.02386494,
        0.02386684,
        0.023276540000000002,
        0.02308804,
        0.025870840000000003,
        0.025970140000000003,
        0.02508884,
        0.024522540000000002,
        0.024795940000000002,
        0.024328040000000002,
        0.026286740000000003,
        0.02710864,
        0.018782840000000002,
        0.02393064,
        0.02504814,
        0.02349124,
        0.022106840000000003,
        0.01814944,
        0.02254604,
        0.02422204,
        0.02281174,
        0.02424134,
        0.02654724,
        0.02325284,
        0.02445104,
        0.02659264,
        0.025897840000000002,
        0.02770374,
        0.02523674,
        0.022010540000000002,
        0.01858964,
        0.01930114,
        0.01976444,
        0.02179104,
        0.02475724,
        0.021471240000000003,
        0.02304824,
        0.02301284,
        0.02113344,
        0.01975934,
        0.01898504,
        0.01821284,
        0.02275984,
        0.02286714,
        0.02536354,
        0.02626884,
        0.02464594,
        0.025253340000000003,
        0.026977940000000002,
        0.02383004,
        0.02338484,
        0.023903340000000002,
        0.023106440000000002,
        0.02245754,
        0.02311554,
        0.024316940000000002,
        0.023115740000000003,
        0.02270664,
        0.022896140000000002,
        0.021024340000000002,
        0.02336554,
        0.022793340000000002,
        0.02420274,
        0.024181440000000002,
        0.02569944,
        0.02536744,
        0.02401244,
        0.02211784,
        0.023385740000000002,
        0.02312894,
        0.023899840000000002,
        0.02159034,
        0.02280144,
        0.022972740000000002,
        0.02257634,
        0.02080284,
        0.01974524,
        0.020231640000000002,
        0.02121554,
        0.02131814,
        0.02142534
      ]
    },
    {
      "command": "\"benchmark_plugingetset\" \"benchmarks/data/generated_50\" user yanlr get",
      "mean": 0.02428511068965518,
      "stddev": 0.002677496189126253,
      "user": 0.0,
      "system": 0.0,
      "min": 0.01831504,
      "max": 0.03819604,
      "times": [
        0.02392834,
        0.022584240000000002,
        0.02210834,
        0.01831504,
        0.02332064,
        0.02482194,
        0.022285740000000002,
        0.022632040000000003,
        0.02245054,
        0.02489624,
        0.02373754,
        0.02150644,
        0.02153454,
        0.02253354,
        0.01881754,
        0.022692340000000002,
        0.024239840000000002,
        0.02052644,
        0.02071434,
        0.02257114,
        0.02021834,
        0.02073444,
        0.01834804,
        0.037637040000000004,
        0.02141044,
        0.02228304,
        0.01878824,
        0.02294674,
        0.02420204,
        0.024003740000000003,
        0.022677040000000002,
        0.02138354,
        0.02168654,
        0.02413084,
        0.02167744,
        0.02122694,
        0.02419274,
        0.02559134,
        0.02254644,
        0.02463814,
        0.02523024,
        0.02609974,
        0.025696740000000003,
        0.02689334,
        0.023836740000000002,
        0.02383684,
        0.02531084,
        0.025751740000000002,
        0.02303064,
        0.02671304,
        0.02561514,
        0.02448004,
        0.02616484,
        0.024066340000000002,
        0.02497324,
        0.02235444,
        0.022693440000000002,
        0.02423964,
        0.02575304,
        0.02689744,
        0.02655754,
        0.022857640000000002,
        0.02470974,
        0.02440994,
        0.026150040000000003,
        0.024810540000000002,
        0.025678740000000002,
        0.023760740000000002,
        0.02300584,
        0.02551894,
        0.02602524,
        0.021966740000000002,
        0.025048940000000002,
        0.025198540000000002,
        0.02476364,
        0.02242854,
        0.02321294,
        0.02556964,
        0.026033240000000003,
        0.026094640000000002,
        0.02516014,
        0.02199564,
        0.02498314,
        0.02336984,
        0.02558834,
        0.02369054,
        0.02704644,
        0.02486634,
        0.02621234,
        0.02474874,
        0.03819604,
        0.025464340000000002,
        0.02554944,
        0.02472014,
        0.02415064,
        0.02642924,
        0.029481140000000003,
        0.023194740000000002,
        0.02535834,
        0.02613684,
        0.02507084,
        0.02439414,
        0.02538924,
        0.02511684,
        0.02406504,
        0.02514664,
        0.02540904,
        0.02433234,
        0.02714464,
        0.024387040000000002,
        0.02571764,
        0.02419434,
        0.02418414,
        0.02592594,
        0.026542040000000003,
        0.02373134
      ]
    },
    {
      "command": "\"benchmark_plugingetset\" \"benchmarks/data/generated_50\" user yambi get",
      "mean": 0.019604827387387388,
      "stddev": 0.001241402300122151,
      "user": 0.0,
      "system": 0.0,
      "min": 0.014289840000000002,
      "max": 0.025117840000000002,