{
  "results": [
    {
      "command": "\"benchmark_plugingetset\" \"benchmarks/data/generated100\" user yamlcpp get",
      "mean": 0.021990050690486738,
      "stddev": 0.0028417161334365125,
      "user": 0.0,
      "system": 0.0,
      "min": 0.016468139425,
      "max": 0.034322829425,
      "times": [
        0.024809858425,
        0.026647585425000002,
        0.028144461425000003,
        0.025683047425,
        0.025434789425000003,
        0.027896339425000003,
        0.026627193425,
        0.033211090425000006,
        0.022310903425,
        0.026505481425,
        0.025709183425000004,
        0.023952006425000002,
        0.020595095425,
        0.021837259425,
        0.025768041425000002,
        0.024978103425000002,
        0.022872610425000002,
        0.024310971425,
        0.021203394425,
        0.021868480425000003,
        0.017981225425,
        0.018869396425,
        0.018086722425000003,
        0.016468139425,
        0.018885002425000002,
        0.021312421425000002,
        0.019921537425000004,
        0.024600752425000004,
        0.023201893425,
        0.021435945425000002,
        0.017235945425000003,
        0.020750724425000002,
        0.020401873425,
        0.020835466425,
        0.020546007425000002,
        0.018656821425,
        0.021391098425,
        0.028381453425,
        0.028520958425000003,
        0.021982182425000003,
        0.021141545425,
        0.017959333425,
        0.020902784425,
        0.021458198425,
        0.021021022425,
        0.020485109425000002,
        0.021204581425,
        0.021230968425000003,
        0.022332622425000004,
        0.022827779425000003,
        0.023700702425,
        0.025294376425,
        0.021807485425000002,
        0.022724940425000003,
        0.019477365425,
        0.021392758425000002,
        0.021813419425,
        0.018398352425,
        0.019639944425000003,
        0.021650069425,
        0.022862268425000002,
        0.021692990425000003,
        0.020333607425,
        0.021772315425,
        0.021516200425000003,
        0.021868711425000003,
        0.022428422425,
        0.022362988425,
        0.021905153425,
        0.021877205425,
        0.022490964425000003,
        0.024150366425000003,
        0.020946108425000002,
        0.021859270425,
        0.021889081425,
        0.019799968425,
        0.021157577425,
        0.034322829425,
        0.022112482425000003,
        0.021330791425000002,
        0.023299355425,
        0.023638073425000003,
        0.023342182425000003,
        0.021886386425,
        0.021154017425,
        0.017202595425,
        0.021124176425000002,
        0.021707560425,
        0.020116696425,
        0.020384298425000003,
        0.020751097425000004,
        0.021759695425000003,
        0.019289835425000002,
        0.020715756425000002,
        0.020989469425,
        0.022822692425000003,
        0.023367532425000004,
        0.020931445425,
        0.020624150425,
        0.020786756425,
        0.020649121425000003,
        0.020752841425,
        0.021080608425,
        0.018855560425,
        0.019064243425000002,
        0.021009688425000003,
        0.020196318425000002,
        0.019203380425000003,
        0.020522844425000002,
        0.021623817425,
        0.021353376425,
        0.018099186425,
        0.021596840425000003
      ]
    },
    {
      "command": "\"benchmark_plugingetset\" \"benchmarks/data/generated100\" user yanlr get",
      "mean": 0.02344868682810078,
      "stddev": 0.0020766687930238014,
      "user": 0.0,
      "system": 0.0,
      "min": 0.017761238425000003,
      "max": 0.027448993425000002,
      "times": [
        0.021475945425000004,
        0.018366322425,
        0.021158791425000004,
        0.023502110425000004,
        0.020558035425000003,
        0.018188054425000003,
        0.019822023425,
        0.020053841425000003,
        0.018600708425,
        0.017761238425000003,
        0.018066899425,
        0.019554128425,
        0.017867005425000002,
        0.020060674425,
        0.020488316425000003,
        0.023542924425000004,
        0.018918418425000003,
        0.021369981425000004,
        0.021849033425,
        0.021648289425,
        0.021237543425,
        0.023390647425,
        0.022105697425,
        0.020916004425000002,
        0.023012255425000003,
        0.022740755425000002,
        0.022346168425000004,
        0.024363031425,
        0.022027061425,
        0.021266292425000003,
        0.021278306425,
        0.021044855425,
        0.021769237425,
        0.022238360425000003,
        0.022429538425000003,
        0.024822685425,
        0.022628127425000002,
        0.022847196425,
        0.023953203425000003,
        0.026670116425,
        0.023487482425,
        0.025863370425000004,
        0.024414677425000003,
        0.024222242425000002,
        0.023734602425,
        0.025308335425,
        0.023820344425,
        0.024113940425,
        0.025314708425000002,
        0.024918340425,
        0.023924687425,
        0.024125846425000003,
        0.025377125425,
        0.020984269425,
        0.023677304425000004,
        0.020860502425000003,
        0.024152672425000004,
        0.023553901425000003,
        0.024173770425,
        0.023575629425,
        0.027334238425,
        0.021014554425,
        0.023218964425000002,
        0.024417781425000003,
        0.022365850425000004,
        0.023683692425000003,
        0.023151245425,
        0.023856062425,
        0.023812010425000002,
        0.023432248425000003,
        0.023396424425000003,
        0.025610819425000004,
        0.024423649425000003,
        0.023247404425000003,
        0.024468712425,
        0.023743904425000004,
        0.022617192425,
        0.021425107425000003,
        0.024222805425000004,
        0.024346278425000003,
        0.025600077425000003,
        0.024814738425000003,
        0.024680026425,
        0.025575796425000002,
        0.025783136425000002,
        0.023975867425000002,
        0.024261013425000002,
        0.025431728425,
        0.025283160425000003,
        0.022226850425000003,
        0.024641997425000003,
        0.024097458425000003,
        0.025726826425,
        0.023907785425,
        0.026198181425,
        0.023779678425000002,
        0.022593574425000002,
        0.023316781425000002,
        0.024128960425000002,
        0.022633403425000004,
        0.024754143425000003,
        0.024288233425000003,
        0.024244003425,
        0.025157594425000002,
        0.027313675425000003,
        0.025133563425,
        0.024676583425000002,
        0.024574466425000004,
        0.025079700425000004,
        0.024118203425,
        0.025748609425000003,
        0.023472785425000003,
        0.025008818425000003,
        0.026627752425,
        0.025224861425,
        0.024472664425000002,
        0.025071945425000002,
        0.026079638425000003,
        0.027448993425000002,
        0.026314079425,
        0.025843313425000004,
        0.025230808425,
        0.023882281425000002,
        0.024104989425,
        0.026099441425,
        0.023282863425,
        0.024240461425000002,
        0.024766207425000002,
        0.024630349425000003
      ]
    },
    {
      "command": "\"benchmark_plugingetset\" \"benchmarks/data/generated100\" user yambi get",
      "mean": 0.0183419954875,
      "stddev": 0.0021839124817955194,
      "user": 0.0,
      "system": 0.0,
      "min": 0.012054124425,
      "max": 0.022242220425,