{
  "results": [
    {
      "command": "\"benchmark_plugingetset\" \"benchmarks/data/generated1\" user yamlcpp get",
      "mean": 0.021503799950575532,
      "stddev": 0.0020034693376980816,
      "user": 0.0,
      "system": 0.0,
      "min": 0.015054988670000002,
      "max": 0.03197541567,
      "times": [
        0.019893616670000003,
        0.019547467670000002,
        0.015054988670000002,
        0.01917406567,
        0.01725798567,
        0.02282900967,
        0.022799160670000002,
        0.02268057867,
        0.01973586767,
        0.02158650167,
        0.021510229670000002,
        0.02224594367,
        0.02039352167,
        0.02369219967,
        0.02129316367,
        0.021368948670000002,
        0.02186313867,
        0.01985002967,
        0.02153205567,
        0.02139098567,
        0.01999084567,
        0.02381701967,
        0.02171190267,
        0.02223040167,
        0.02450576767,
        0.021874999670000003,
        0.023726075670000003,
        0.02259280567,
        0.019572053670000002,
        0.022576581670000002,
        0.01930789867,
        0.023890748670000003,
        0.021443583670000002,
        0.022056028670000002,
        0.021734020670000003,
        0.01963535467,
        0.01887696767,
        0.022416961670000003,
        0.01940879267,
        0.03197541567,
        0.021349325670000002,
        0.02330250667,
        0.018598266670000002,
        0.02299537167,
        0.02209285567,
        0.020512422670000002,
        0.02154193267,
        0.023850270670000003,
        0.02247095067,
        0.02230251867,
        0.018702194670000002,
        0.021076465670000002,
        0.02282857367,
        0.02216852767,
        0.02095933867,
        0.022279436670000003,
        0.02314530867,
        0.02026831867,
        0.01882443667,
        0.01985993367,
        0.023664195670000002,
        0.022321782670000002,
        0.02117965867,
        0.02079417567,
        0.02198592567,
        0.01956292867,
        0.02139334767,
        0.021824792670000003,
        0.02175967367,
        0.019840410670000003,
        0.02367397267,
        0.02139611467,
        0.023685590670000003,
        0.02135962467,
        0.02202338367,
        0.02209323767,
        0.02004901367,
        0.021220931670000002,
        0.022625845670000002,
        0.021655571670000002,
        0.02128742067,
        0.01836289367,
        0.02200059767,
        0.01935536167,
        0.024002211670000002,
        0.02477700767,
        0.02244537267,
        0.023463683670000002,
        0.020112790670000002,
        0.019093468670000002,
        0.02180745467,
        0.02373220267,
        0.01634505467,
        0.02250877767,
        0.02183542667,
        0.02271580067,
        0.021591447670000003,
        0.02073621767,
        0.02173984067,
        0.020686679670000003,
        0.021690801670000003,
        0.02111475967,
        0.02049798567,
        0.021850513670000002,
        0.02219184767,
        0.02157841967,
        0.02201147367,
        0.02018675567,
        0.023319740670000002,
        0.02247624867,
        0.02283675567,
        0.024909522670000003,
        0.02584763567,
        0.027174086670000003,
        0.021729889670000002,
        0.021298959670000003,
        0.02048789067,
        0.01898735767,
        0.021908755670000002,
        0.02334853567,
        0.022334127670000002,
        0.018784369670000002,
        0.018310759670000003,
        0.021529291670000002,
        0.019601325670000003,
        0.02007285567,
        0.021460563670000002,
        0.022362853670000002,
        0.021493314670000003,
        0.020751097670000003,
        0.021173208670000002,
        0.021415060670000003,
        0.01864539367,
        0.01651932267,
        0.022035515670000002,
        0.02181024867,
        0.02230354667,
        0.019751182670000002,
        0.022343685670000002
      ]
    },
    {
      "command": "\"benchmark_plugingetset\" \"benchmarks/data/generated1\" user yanlr get",
      "mean": 0.022206487880526312,
      "stddev": 0.0013298999044906363,
      "user": 0.0,
      "system": 0.0,
      "min": 0.01901772467,
      "max": 0.02547255467,
      "times": [
        0.02446181667,
        0.023696105670000002,
        0.02300043967,
        0.020460508670000002,
        0.02183530167,
        0.02272249967,
        0.023807465670000003,
        0.02039852067,
        0.022985552670000003,
        0.02228671267,
        0.02232546767,
        0.020603304670000003,
        0.02089233567,
        0.02544601767,
        0.02062718267,
        0.020250603670000002,
        0.02240860167,
        0.022508786670000003,
        0.02260596867,
        0.02415311267,
        0.02036304967,
        0.02020500867,
        0.02197116467,
        0.02336287767,
        0.024305931670000003,
        0.02293412267,
        0.02303213767,
        0.022311519670000002,
        0.02000338267,
        0.023260364670000002,
        0.022681621670000002,
        0.02269901967,
        0.020052687670000003,
        0.023502224670000002,
        0.02547255467,
        0.02330171467,
        0.02363826267,
        0.02317659067,
        0.02180819867,
        0.02339570267,
        0.02056660267,
        0.020972452670000002,
        0.02251857367,
        0.02129513967,
        0.02263862867,
        0.024159178670000003,
        0.02123043167,
        0.024333926670000002,
        0.021322821670000002,
        0.023129443670000003,
        0.01998322967,
        0.01901772467,
        0.02078245067,
        0.02186715167,
        0.02248467867,
        0.023164352670000003,
        0.020560473670000003,
        0.02336619967,
        0.022544400670000003,
        0.021884973670000002,
        0.02381602467,
        0.02125517067,
        0.023482449670000002,
        0.021433905670000003,
        0.02370529567,
        0.02364333667,
        0.023311532670000003,
        0.02317576567,
        0.02200477067,
        0.021523313670000002,
        0.02389143067,
        0.020572714670000002,
        0.02291470667,
        0.02218728067,
        0.021080407670000002,
        0.02262168267,
        0.022087594670000002,
        0.02263593167,
        0.02237293267,
        0.02310239167,
        0.02086886667,
        0.022453517670000003,
        0.02116671267,
        0.024831955670000003,
        0.022454340670000003,
        0.02036115267,
        0.022698456670000002,
        0.021455803670000002,
        0.019571004670000003,
        0.020646986670000003,
        0.02263668967,
        0.02318794867,
        0.020571620670000002,
        0.02146537267,
        0.02361536167,
        0.022336591670000003,
        0.02079738867,
        0.02187109267,
        0.022511556670000002,
        0.02297127467,
        0.020116349670000002,
        0.02068591967,
        0.02288647567,
        0.020684235670000002,
        0.02080526567,
        0.02346146567,
        0.02247264267,
        0.02010497667,
        0.02099464267,
        0.02261151967,
        0.022818208670000003,
        0.023232904670000002,
        0.02248556267,
        0.02210983567
      ]
    },
    {
      "command": "\"benchmark_plugingetset\" \"benchmarks/data/generated1\" user yambi get",
      "mean": 0.01881174755275862,
      "stddev": 0.002592674745612795,
      "user": 0.0,
      "system": 0.0,
      "min": 0.012668249670000001,
      "max": 0.029167329670000002,