{
  "results": [
    {
      "command": "\"benchmark_plugingetset\" \"benchmarks/data/generated_5\" user yamlcpp get",
      "mean": 0.022651388142857144,
      "stddev": 0.00225396822003022,
      "user": 0.0,
      "system": 0.0,
      "min": 0.019197706000000002,
      "max": 0.033432406000000005,
      "times": [
        0.033432406000000005,
        0.019252106,
        0.023220706,
        0.024706806,
        0.024906506000000002,
        0.024444706,
        0.023128506,
        0.023890406000000003,
        0.022440606000000002,
        0.022281506,
        0.022578106,
        0.023796806,
        0.022788506,
        0.023432206,
        0.023765806,
        0.022986606,
        0.022127406000000002,
        0.022335106,
        0.022954206,
        0.023700306,
        0.020004306,
        0.022146706000000002,
        0.021680706,
        0.022427206,
        0.024802806,
        0.021969906,
        0.024415606000000003,
        0.022232406,
        0.023201506,
        0.023870306,
        0.024078006000000002,
        0.024054706000000002,
        0.022582906,
        0.022327906,
        0.021618806,
        0.022329606000000002,
        0.023852806,
        0.027199206,
        0.020763106,
        0.020410706,
        0.020433406,
        0.019364906,
        0.022944006000000003,
        0.021726706000000002,
        0.024267406000000002,
        0.023044506000000003,
        0.022276906000000003,
        0.021393406,
        0.022463506,
        0.022628706000000002,
        0.021633506,
        0.023654706,
        0.019898806,
        0.022433706,
        0.019997306,
        0.021816606000000002,
        0.019986206,
        0.021800506,
        0.020278206,
        0.022210006,
        0.024017806000000003,
        0.019197706000000002,
        0.020024606,
        0.022179906000000003,
        0.019991306,
        0.021068406,
        0.022934106000000003,
        0.022188706000000002,
        0.022973406000000002,
        0.019565906,
        0.031725406000000005,
        0.023422506000000003,
        0.022057006,
        0.021763806,
        0.021738906000000002,
        0.022627506000000002,
        0.020317006000000002,
        0.021693206,
        0.022268206000000002,
        0.021705706,
        0.028504806,
        0.022317406,
        0.023319006,
        0.022722706000000002
      ]
    },
    {
      "command": "\"benchmark_plugingetset\" \"benchmarks/data/generated_5\" user yanlr get",
      "mean": 0.023673981675675655,
      "stddev": 0.0016552414298066625,
      "user": 0.0,
      "system": 0.0,
      "min": 0.019886406000000002,
      "max": 0.029429306000000002,
      "times": [
        0.024875706,
        0.025063706,
        0.024217206,
        0.023891906,
        0.022432406000000002,
        0.023717006000000002,
        0.024690806000000003,
        0.023510306,
        0.021480806,
        0.024715706,
        0.023527806000000002,
        0.023611406,
        0.023884406,
        0.023027206,
        0.023811006000000003,
        0.023993306000000002,
        0.023953706,
        0.024908106000000003,
        0.024744406,
        0.023317906000000003,
        0.027589906,
        0.025888806,
        0.023006906,
        0.023736206000000003,
        0.024193206000000002,
        0.020708106,
        0.023730906000000003,
        0.024377006,
        0.022001406,
        0.023580906000000002,
        0.023336906,
        0.023050506000000002,
        0.024043606000000002,
        0.021373806000000002,
        0.021577006000000003,
        0.022641506000000002,
        0.021164206,
        0.024353906,
        0.025854906,
        0.021309806,
        0.024573006,
        0.022572906,
        0.023389706,
        0.023610306,
        0.024055906000000002,
        0.022891106,
        0.021557206000000002,
        0.023609006000000002,
        0.026692906000000002,
        0.024931806,
        0.022294206,
        0.020688406,
        0.025177206,
        0.023535506,
        0.022723306000000002,
        0.024121406,
        0.025048106,
        0.026342706,
        0.021490206,
        0.024879906,
        0.022502106,
        0.025169706,
        0.024289406000000003,
        0.021352706000000003,
        0.021895806,
        0.025727306000000002,
        0.023086606000000003,
        0.023480006,
        0.024110706000000003,
        0.024902106,
        0.026080706000000002,
        0.025908606,
        0.025124706,
        0.025755506,
        0.021720506,
        0.024773806000000002,
        0.025386906,
        0.024753206,
        0.022169306,
        0.021033106000000003,
        0.025721406000000002,
        0.024017206000000003,
        0.024410806,
        0.020808606,
        0.024660506000000002,
        0.024794406,
        0.022227306000000002,
        0.022032706000000003,
        0.026670006000000003,
        0.022400206000000002,
        0.021549506,
        0.022425906000000002,
        0.019886406000000002,
        0.020050706,
        0.022641506000000002,
        0.023234106,
        0.025471706,
        0.023137206,
        0.022528606,
        0.023670206000000003,
        0.022100106,
        0.023870706000000002,
        0.025425506,
        0.020918406,
        0.024506506,
        0.024399006,
        0.024573006,
        0.023101706,
        0.029429306000000002,
        0.023391706,
        0.025455006000000002
      ]
    },
    {
      "command": "\"benchmark_plugingetset\" \"benchmarks/data/generated_5\" user yambi get",
      "mean": 0.01843079350000001,
      "stddev": 0.0016634681571026375,
      "user": 0.0,
      "system": 0.0,
      "min": 0.012590206,
      "max": 0.021512806000000002,