{
  "results": [
    {
      "command": "\"benchmark_plugingetset\" \"benchmarks/data/generated10000\" user yamlcpp get",
      "mean": 0.13102173838119052,
      "stddev": 0.003538206194741733,
      "user": 0.09809523809523812,
      "system": 0.0071428571428571435,
      "min": 0.12493375490500001,
      "max": 0.13789397490500002,
      "times": [
        0.13789397490500002,
        0.12948425090500001,
        0.12755247790500002,
        0.12955849590500002,
        0.13159076090500002,
        0.13533634190500002,
        0.13205420790500003,
        0.130012202905,
        0.129860070905,
        0.12493375490500001,
        0.12849218490500003,
        0.128317619905,
        0.13215958290500002,
        0.13020818290500003,
        0.128786193905,
        0.128030919905,
        0.127324114905,
        0.13116946990500003,
        0.135778670905,
        0.13749709690500003,
        0.135415929905
      ]
    },
    {
      "command": "\"benchmark_plugingetset\" \"benchmarks/data/generated10000\" user yanlr get",
      "mean": 0.12610649151369566,
      "stddev": 0.0033626599796989574,
      "user": 0.09347826086956525,
      "system": 0.007826086956521738,
      "min": 0.12054174390500001,
      "max": 0.13511645790500001,
      "times": [
        0.12690074190500003,
        0.12668901790500003,
        0.12657926390500002,
        0.12528414890500003,
        0.126341090905,
        0.12669743590500002,
        0.12273065890500001,
        0.12054174390500001,
        0.12415653590500002,
        0.125965690905,
        0.12811633490500002,
        0.12247694490500001,
        0.12420209090500002,
        0.12721805190500002,
        0.124732712905,
        0.13016845890500003,
        0.133253514905,
        0.12704565290500003,
        0.13511645790500001,
        0.125588707905,
        0.125601103905,
        0.123008126905,
        0.12203481690500001
      ]
    },
    {
      "command": "\"benchmark_plugingetset\" \"benchmarks/data/generated10000\" user yambi get",
      "mean": 0.06228809001863636,
      "stddev": 0.0030159254712084503,
      "user": 0.0356818181818182,
      "system": 0.004545454545454546,
      "min": 0.056984492905,
      "max": 0.075159568905,
      "times": [
        0.065857707905,
        0.061131963905,
        0.075159568905,
        0.058110446905,
        0.061247601905000004,
        0.063590916905,
        0.059321928905,
        0.061936830905000004,
        0.063633109905,
        0.065442928905,
        0.064486785905,
        0.059452627905,
        0.056984492905,
        0.056989020905,
        0.059679548905000004,
        0.062887512905,
        0.059193190905000005,
        0.06082089190500001,
        0.062284147905000004,
        0.066040969905,
        0.064376837905,
        0.060219424905000006,
        0.061636946905000004,
        0.06471559190500001,
        0.060113950905000005,
        0.06188698890500001,
        0.06378867690500001,
        0.062252195905,
        0.063783106905,
        0.06184427890500001,
        0.059046881905,
        0.064062435905,
        0.06318228690500001,
        0.06209119590500001,
        0.059772276905000005,
        0.061243091905000005,
        0.065539904905,
        0.063186122905,
        0.062200968905,
        0.06253361390500001,
        0.063936793905,
        0.060480072905,
        0.060764033905,
        0.063766084905
      ]
    },
    {
      "command": "\"benchmark_plugingetset\" \"benchmarks/data/generated10000\" user yawn get",
      "mean": 0.07660571014824324,
      "stddev": 0.004532412438272546,
      "user": 0.05081081081081084,
      "system": 0.005945945945945948,
      "min": 0.06989828890500001,
      "max": 0.09570984490500001,
      "times": [
        0.077935641905,
        0.076862525905,
        0.073551908905,
        0.073167547905,
        0.080008441905,
        0.076738055905,
        0.076053763905,
        0.077893050905,
        0.074751208905,
        0.074042997905,
        0.080517071905,
        0.076637364905,
        0.076185755905,
        0.076648498905,
        0.07357380890500001,
        0.076367815905,
        0.076703236905,
        0.079513596905,
        0.09570984490500001,
        0.080217004905,
        0.074529961905,
        0.075651187905,
        0.076652168905,
        0.072896933905,
        0.07451913090500001,
        0.07123743290500001,
        0.07236106090500001,
        0.075892596905,
        0.07503579190500001,
        0.074910099905,
        0.06989828890500001,
        0.079433201905,
        0.075085959905,
        0.076082470905,
        0.074177924905,
        0.088438123905,
        0.074529794905
      ]
    },
    {
      "command": "\"benchmark_plugingetset\" \"benchmarks/data/generated10000\" user yaypeg get",
      "mean": 0.15719534834944449,
      "stddev": 0.005144159687567648,
      "user": 0.13444444444444445,
      "system": 0.004444444444444444,
      "min": 0.15177059290500003,
      "max": 0.169412188905,
      "times": [
        0.162806663905,
        0.169412188905,
        0.15422378690500002,
        0.16909077290500002,
        0.15399748790500004,
        0.15375494890500002,
        0.15746001390500003,
        0.15544398990500002,
        0.15595857390500004,
        0.15685548790500004,
        0.15448831890500003,
        0.15441100890500004,
        0.161009934905,
        0.15704804290500002,
        0.15449485190500004,
        0.15177059290500003,
        0.15322096690500003,
        0.15406863790500003
      ]
    }
  ]
}
