{
  "results": [
    {
      "command": "\"benchmark_plugingetset\" \"benchmarks/data/generated10\" user yamlcpp get",
      "mean": 0.02209128920306451,
      "stddev": 0.001513881840327155,
      "user": 0.0,
      "system": 0.0,
      "min": 0.019075428695,
      "max": 0.027416032695000002,
      "times": [
        0.022545104695000002,
        0.020812065695,
        0.020347016695,
        0.021605415695,
        0.026873391695000002,
        0.022658256695,
        0.023146665695000002,
        0.021271745695,
        0.020106709695,
        0.024011416695,
        0.022326720695,
        0.021021075695000002,
        0.022550309695,
        0.022521686695,
        0.021993814695000002,
        0.019466546695,
        0.022775152695000002,
        0.021358997695,
        0.023198151695000002,
        0.021459114695,
        0.020656055695,
        0.019075428695,
        0.022293922695,
        0.021395132695,
        0.021501889695,
        0.021436718695,
        0.021690049695,
        0.020014840695,
        0.022653205695,
        0.020186889695,
        0.025540561695000002,
        0.024233069695,
        0.021810833695,
        0.021612018695000002,
        0.020199800695,
        0.021922182695,
        0.021900421695000002,
        0.020932988695,
        0.021180013695,
        0.020821996695,
        0.022139523695,
        0.019131247695,
        0.027416032695000002,
        0.025400821695000003,
        0.023391090695000002,
        0.021405498695,
        0.020315677695,
        0.022206600695000002,
        0.023448121695,
        0.022548727695,
        0.022241718695,
        0.023556958695,
        0.023218011695000002,
        0.024286084695,
        0.019637682695000002,
        0.022869689695,
        0.023079597695000002,
        0.021954589695000002,
        0.021347553695,
        0.021793027695,
        0.021797689695,
        0.019571436695,
        0.023373031695,
        0.021137196695,
        0.021907354695000002,
        0.021112972695,
        0.021829125695,
        0.020576691695,
        0.022754872695,
        0.022511103695,
        0.019368137695,
        0.020810925695,
        0.021068594695,
        0.024732253695,
        0.022467053695,
        0.023070666695000002,
        0.020705142695,
        0.023632333695,
        0.021033511695,
        0.020243942695,
        0.022767326695,
        0.022806716695,
        0.021643413695000002,
        0.020029003695000002,
        0.022836378695,
        0.021732379695,
        0.019133268695,
        0.020497498695,
        0.020353212695,
        0.023795369695000002,
        0.021422069695,
        0.023423672695,
        0.023294419695000002,
        0.022676884695,
        0.023581013695,
        0.024233629695,
        0.023714848695000002,
        0.021635677695,
        0.022661872695,
        0.024194334695,
        0.023802610695,
        0.022471935695,
        0.022242492695,
        0.021100383695000002,
        0.022295166695,
        0.022287863695,
        0.022274527695,
        0.022186867695,
        0.022009154695,
        0.021790634695,
        0.021803197695000002,
        0.024795317695,
        0.021650162695,
        0.023898629695,
        0.022238797695,
        0.023215448695,
        0.023131666695,
        0.021942008695,
        0.020130802695,
        0.022900790695,
        0.020822643695,
        0.023000001695,
        0.019261169695,
        0.023434913695
      ]
    },
    {
      "command": "\"benchmark_plugingetset\" \"benchmarks/data/generated10\" user yanlr get",
      "mean": 0.023527522802142868,
      "stddev": 0.0017687645556211898,
      "user": 0.0,
      "system": 0.0,
      "min": 0.019208449695,
      "max": 0.034043260695,
      "times": [
        0.025021231695,
        0.024374084695,
        0.021261454695,
        0.020426944695,
        0.022931290695000002,
        0.023088762695,
        0.023505907695,
        0.025804301695,
        0.026352770695,
        0.025496843695,
        0.023876590695,
        0.024209111695,
        0.023378355695000002,
        0.023773496695,
        0.020584256695,
        0.022635216695,
        0.022810307695,
        0.020769682695,
        0.021711409695,
        0.021234183695000002,
        0.019416346695,
        0.020630389695,
        0.022109663695,
        0.022752625695,
        0.024667148695000002,
        0.034043260695,
        0.021463482695,
        0.019208449695,
        0.023737343695,
        0.023992829695000002,
        0.023197851695,
        0.021719481695,
        0.024000173695,
        0.023531664695,
        0.024345866695,
        0.025206466695000002,
        0.023174675695,
        0.023705175695,
        0.022952087695,
        0.023757527695000002,
        0.024336941695,
        0.024291196695,
        0.023533215695,
        0.024789292695,
        0.023590191695000002,
        0.025218675695,
        0.021535398695,
        0.022478912695000002,
        0.023689465695000002,
        0.024441469695000002,
        0.022728360695,
        0.025805308695,
        0.022000027695,
        0.023360694695,
        0.022624625695,
        0.024077494695,
        0.020973459695000002,
        0.020983020695,
        0.022334205695,
        0.023934052695,
        0.024050037695000002,
        0.023620698695,
        0.024199487695,
        0.024337882695,
        0.023702967695,
        0.023680188695,
        0.023618234695,
        0.025683481695,
        0.022719422695,
        0.025278403695,
        0.023266037695000002,
        0.021053845695,
        0.023885381695,
        0.024387765695,
        0.023054378695000002,
        0.024358486695,
        0.024102608695,
        0.024186635695,
        0.024592542695,
        0.023051295695,
        0.024184818695000002,
        0.024279393695000002,
        0.024062887695,
        0.024355452695,
        0.026189339695,
        0.024306604695,
        0.022794561695,
        0.024383148695000002,
        0.025789484695,
        0.023772813695000002,
        0.022757055695,
        0.024760053695000003,
        0.022650772695,
        0.021549863695,
        0.024061441695,
        0.023633933695,
        0.023771404695,
        0.021164904695,
        0.022569494695,
        0.023037530695000003,
        0.023205053695000002,
        0.023991859695,
        0.022684387695000002,
        0.022943316695,
        0.023003933695,
        0.024875994695,
        0.023967837695,
        0.027079386695000002,
        0.025535764695,
        0.024479731695,
        0.020761369695,
        0.024064440695
      ]
    },
    {
      "command": "\"benchmark_plugingetset\" \"benchmarks/data/generated10\" user yambi get",
      "mean": 0.018425079912105263,
      "stddev": 0.0018018662191597997,
      "user": 0.0,
      "system": 0.0,
      "min": 0.011236085695,
      "max": 0.022366920695,