{
  "results": [
    {
      "command": "\"benchmark_plugingetset\" \"benchmarks/data/generated_500\" user yamlcpp get",
      "mean": 0.027161002000000004,
      "stddev": 0.0018956440959390787,
      "user": 0.003200000000000001,
      "system": 0.0012,
      "min": 0.023195448,
      "max": 0.030982948,
      "times": [
        0.028290648,
        0.027968748,
        0.028176548000000003,
        0.028115448,
        0.028905548000000003,
        0.030402548000000005,
        0.027798348,
        0.028971348,
        0.028842148,
        0.030982948,
        0.027880548,
        0.029398748000000002,
        0.028301748,
        0.029203848,
        0.023695248000000002,
        0.023931248000000002,
        0.024820548,
        0.023377948000000003,
        0.025053348000000003,
        0.028468148000000002,
        0.028092848000000004,
        0.029398348,
        0.027789948000000002,
        0.030169548,
        0.027980448,
        0.028843848000000002,
        0.029889548000000005,
        0.028733648,
        0.029183748000000002,
        0.030034348,
        0.028661548000000002,
        0.029675648000000002,
        0.027025748000000002,
        0.025963048000000002,
        0.026381048,
        0.023533048,
        0.024788048000000003,
        0.024134348000000003,
        0.025065248000000002,
        0.029008348000000003,
        0.029656448000000002,
        0.028236148000000003,
        0.030159048000000004,
        0.029240248000000003,
        0.029487548000000002,
        0.029084348000000003,
        0.030590948000000003,
        0.028594748000000003,
        0.029201148000000003,
        0.029602748,
        0.027690548000000002,
        0.026638048,
        0.025808048000000004,
        0.026772948,
        0.025792348000000003,
        0.027643548,
        0.028634148,
        0.029221248000000002,
        0.025215348000000002,
        0.023195448,
        0.026019948,
        0.025844148,
        0.023714548000000002,
        0.026944648,
        0.025476448000000002,
        0.026269448,
        0.026047248000000002,
        0.026505948,
        0.026318848000000002,
        0.025768348000000003,
        0.026188448000000003,
        0.025389348000000003,
        0.023982648000000002,
        0.026740048000000002,
        0.027037048,
        0.026169948000000002,
        0.025679748000000002,
        0.025378848000000002,
        0.027676648,
        0.025861448000000002,
        0.025707248000000002,
        0.028171548,
        0.027433548000000002,
        0.025324548000000002,
        0.027129148000000002,
        0.027126248000000002,
        0.027436548,
        0.023826848,
        0.024692748,
        0.027114948000000003,
        0.027043248000000002,
        0.027147648000000003,
        0.027102948,
        0.026327148,
        0.026265048000000003,
        0.025924048,
        0.025677048,
        0.024121448,
        0.027570048000000003,
        0.028541348
      ]
    },
    {
      "command": "\"benchmark_plugingetset\" \"benchmarks/data/generated_500\" user yanlr get",
      "mean": 0.03162292905263158,
      "stddev": 0.0027596280023472913,
      "user": 0.007578947368421057,
      "system": 0.0013684210526315787,
      "min": 0.025879848,
      "max": 0.049493648,
      "times": [
        0.029895348000000006,
        0.029389148000000004,
        0.029759648000000003,
        0.028607048000000003,
        0.031840348,
        0.030919148000000004,
        0.033561548,
        0.032184848,
        0.031236648000000002,
        0.033991748,
        0.033226448,
        0.030023148000000003,
        0.029968848000000003,
        0.029520448,
        0.033294048,
        0.031023848000000003,
        0.032276948,
        0.032011147999999996,
        0.034101548,
        0.033865848,
        0.034380548,
        0.033780248,
        0.034514447999999996,
        0.028920348000000002,
        0.029861748000000004,
        0.031783148,
        0.030609248000000002,
        0.034089948,
        0.032652848,
        0.031731748,
        0.029297448000000004,
        0.028091848000000003,
        0.032213347999999996,
        0.030999048000000005,
        0.034271648,
        0.033486848,
        0.031241948000000002,
        0.031611248,
        0.031423048,
        0.034015148,
        0.033145648,
        0.032906648,
        0.031568848,
        0.029999648,
        0.030409548000000005,
        0.029696148000000002,
        0.030984448,
        0.037430147999999996,
        0.034558548,
        0.031739748,
        0.031764148,
        0.033402948,
        0.032595748,
        0.034239548,
        0.031026848,
        0.033878948,
        0.029999748000000003,
        0.032738048,
        0.032804248,
        0.032630248,
        0.033923548,
        0.030801848000000003,
        0.032760348,
        0.033000448,
        0.029824848000000004,
        0.031555547999999996,
        0.030345248000000002,
        0.030650448,
        0.031369348,
        0.026768648000000003,
        0.026783448,
        0.029379048,
        0.031747248,
        0.032852347999999996,
        0.030565048,
        0.028430548000000003,
        0.028278948,
        0.032105548,
        0.030563648000000002,
        0.028410748000000003,
        0.033109948,
        0.049493648,
        0.028612848000000003,
        0.025879848,
        0.029428648,
        0.030799048,
        0.033242948,
        0.027944248,
        0.028647448000000002,
        0.030064348,
        0.031622248,
        0.029930548000000005,
        0.033288548,
        0.032604148,
        0.032199448
      ]
    },
    {
      "command": "\"benchmark_plugingetset\" \"benchmarks/data/generated_500\" user yambi get",
      "mean": 0.02301508702439025,
      "stddev": 0.002016935628362099,
      "user": 0.0,
      "system": 0.0,
      "min": 0.018144748000000002,
      "max": 0.035231148,