{
  "results": [
    {
      "command": "\"benchmark_plugingetset\" \"benchmarks/data/generated_0\" user yamlcpp get",
      "mean": 0.023675810990882357,
      "stddev": 0.0037097974417891716,
      "user": 0.0,
      "system": 0.0,
      "min": 0.014245126685,
      "max": 0.036845700685,
      "times": [
        0.032429775685,
        0.032499798685000005,
        0.036845700685,
        0.033494698685000004,
        0.027888783685,
        0.023326946685000002,
        0.020515125685,
        0.025551964685,
        0.022625570685000002,
        0.035350403685000004,
        0.022891342685,
        0.022826641685000003,
        0.025575102685,
        0.023981573685,
        0.029508365685000003,
        0.027710719685000003,
        0.031124368685,
        0.026969897685,
        0.026177958685000002,
        0.027936184685,
        0.027515682685,
        0.024931456685000002,
        0.025545824685000003,
        0.021403713685000002,
        0.024754497685,
        0.023668851685000002,
        0.025369348685,
        0.022170824685,
        0.024384535685,
        0.023931997685,
        0.022449693685,
        0.025201806685,
        0.024731835685000002,
        0.023087593685,
        0.020179404685000003,
        0.023878877685,
        0.021716698685,
        0.023862441685000003,
        0.025432727685,
        0.020988926685000003,
        0.019727539685,
        0.020800666685,
        0.021044604685000003,
        0.022047858685,
        0.018622575685,
        0.019408608685000002,
        0.018833461685,
        0.016377745685,
        0.014245126685,
        0.019604333685000003,
        0.021726763685,
        0.020610848685000002,
        0.023265005685000003,
        0.022118909685,
        0.023641185685,
        0.021835653685,
        0.023443676685,
        0.022489769685,
        0.020631605685000002,
        0.022016123685,
        0.022164700685,
        0.022634958685,
        0.022498684685000003,
        0.022110336685000002,
        0.021743420685,
        0.020678310685,
        0.020234260685,
        0.023086709685,
        0.024376697685,
        0.025956278685,
        0.023192252685,
        0.022570201685000003,
        0.023309363685,
        0.023272539685000003,
        0.023697889685,
        0.024308015685,
        0.021406493685,
        0.022608190685,
        0.023931265685,
        0.022626643685000003,
        0.024295678685000002,
        0.023115719685,
        0.022332096685,
        0.020389440685000003,
        0.022974052685000003
      ]
    },
    {
      "command": "\"benchmark_plugingetset\" \"benchmarks/data/generated_0\" user yanlr get",
      "mean": 0.023055683327201832,
      "stddev": 0.0020099556098774345,
      "user": 0.0,
      "system": 0.0,
      "min": 0.018176188685,
      "max": 0.031345787685,
      "times": [
        0.024639564685,
        0.023262888685,
        0.022907516685,
        0.023986242685000003,
        0.021919334685,
        0.026066759685000003,
        0.025905461685000002,
        0.026870516685,
        0.026586808685,
        0.024839305685,
        0.022730110685000002,
        0.026275140685,
        0.024187896685,
        0.024951611685000003,
        0.020834326685,
        0.021992218685000002,
        0.022547096685,
        0.023018744685000002,
        0.023132394685,
        0.024895804685,
        0.023531957685,
        0.023436013685,
        0.022680336685,
        0.020767940685,
        0.018176188685,
        0.022254458685000002,
        0.023516840685000002,
        0.022433006685000003,
        0.023572555685000003,
        0.021406996685000002,
        0.020307171685,
        0.021849981685000002,
        0.021848108685000003,
        0.019877711685,
        0.031345787685,
        0.022021010685000002,
        0.027523861685,
        0.022693578685,
        0.022883317685,
        0.022044833685,
        0.023129666685,
        0.020392098685000002,
        0.020555478685,
        0.023410011685000003,
        0.025318165685,
        0.026401656685,
        0.024268614685000002,
        0.024568348685,
        0.024257396685,
        0.023024776685,
        0.020936651685,
        0.021381597685,
        0.023436663685,
        0.020830817685000003,
        0.023035932685,
        0.023149447685,
        0.021552061685000002,
        0.022537446685,
        0.023201282685,
        0.024207502685,
        0.021661221685000003,
        0.020940560685,
        0.019375009685,
        0.020134811685,
        0.022028771685,
        0.024683630685000003,
        0.022357175685,
        0.023739238685,
        0.021183130685000003,
        0.023175326685,
        0.021550465685000002,
        0.023437298685,
        0.020115864685000002,
        0.023144809685,
        0.020491859685000002,
        0.021098757685,
        0.023416784685,
        0.020700249685,
        0.020496937685,
        0.022477976685,
        0.024342829685,
        0.020851700685000002,
        0.023031494685,
        0.026024696685,
        0.025061184685,
        0.024032068685,
        0.023091352685,
        0.020102712685000003,
        0.021136865685000002,
        0.022454271685000003,
        0.024237611685,
        0.024440578685000002,
        0.024183748685000003,
        0.022182328685000002,
        0.024551363685,
        0.022223812685,
        0.024850557685,
        0.023651428685,
        0.024973489685000003,
        0.025464727685,
        0.024156117685000002,
        0.023441099685,
        0.026794033685000003,
        0.025728295685000003,
        0.024333031685000003,
        0.021960110685000003,
        0.022050114685,
        0.019782511685,
        0.022408433685000003
      ]
    },
    {
      "command": "\"benchmark_plugingetset\" \"benchmarks/data/generated_0\" user yambi get",
      "mean": 0.019487161001901416,
      "stddev": 0.003605254539763964,
      "user": 0.0,
      "system": 0.0,
      "min": 0.013827537685,
      "max": 0.037466621685,