{
  "results": [
    {
      "command": "\"benchmark_plugingetset\" \"benchmarks/data/generated10\" user yamlcpp get",
      "mean": 0.02190581358054455,
      "stddev": 0.0016616151062385381,
      "user": 0.0,
      "system": 0.0,
      "min": 0.018129112135,
      "max": 0.027720882135000003,
      "times": [
        0.027720882135000003,
        0.023544927135,
        0.021538622135,
        0.021575926135000003,
        0.021836410135,
        0.022332168135,
        0.021972891135000002,
        0.022918613135,
        0.022211717135000003,
        0.022584481135,
        0.022721301135,
        0.021707227135000003,
        0.023777001135000003,
        0.021541763135000003,
        0.021752814135000003,
        0.022771247135000002,
        0.022642194135,
        0.021592278135,
        0.024296312135,
        0.024559861135000003,
        0.022693096135,
        0.021545082135,
        0.022949768135000003,
        0.020460624135,
        0.022260994135000003,
        0.020422160135000002,
        0.021874055135,
        0.022747870135,
        0.021515742135,
        0.021134728135000003,
        0.023897740135,
        0.022977302135000002,
        0.027499803135,
        0.023569239135000003,
        0.022094079135000003,
        0.022580901135,
        0.019240793135,
        0.021276915135,
        0.020201768135000003,
        0.022999275135,
        0.023071632135000002,
        0.022480659135,
        0.022998782135000003,
        0.021328956135,
        0.022165807135000003,
        0.021239290135,
        0.022466358135000003,
        0.020083126135,
        0.022153962135,
        0.020727529135000002,
        0.021841803135,
        0.020880175135,
        0.021729279135,
        0.022093833135,
        0.019271492135000002,
        0.021879338135000002,
        0.022522994135000002,
        0.022682039135000002,
        0.021834619135,
        0.019063709135000002,
        0.027140750135000002,
        0.024250854135000003,
        0.021553806135000003,
        0.020711420135000002,
        0.022151303135,
        0.021151252135000003,
        0.019437810135,
        0.020816979135,
        0.020071415135000003,
        0.022543030135000003,
        0.021813304135000003,
        0.021915908135000002,
        0.020854818135,
        0.018609413135000002,
        0.019623507135000003,
        0.018129112135,
        0.019768176135000003,
        0.021148933135000002,
        0.021363206135000003,
        0.019389927135000002,
        0.021676810135000002,
        0.022020648135,
        0.021952168135000002,
        0.021937654135,
        0.019070154135000003,
        0.018748847135000003,
        0.021770793135,
        0.021511012135,
        0.021385482135,
        0.021989410135,
        0.020982582135,
        0.020882638135000003,
        0.020597989135,
        0.021985374135000003,
        0.021919523135,
        0.021368661135,
        0.022283492135000003,
        0.023392329135,
        0.024110042135000002,
        0.022679418135,
        0.025721258135
      ]
    },
    {
      "command": "\"benchmark_plugingetset\" \"benchmarks/data/generated10\" user yanlr get",
      "mean": 0.02244918431043859,
      "stddev": 0.0019261017162394587,
      "user": 0.0,
      "system": 0.0,
      "min": 0.017182050135,
      "max": 0.033830470135000006,
      "times": [
        0.024425970135000002,
        0.023354678135,
        0.023837040135,
        0.025530981135000002,
        0.025039751135000003,
        0.023382727135000003,
        0.023401102135,
        0.022145234135,
        0.023035527135,
        0.021099671135,
        0.023937319135000003,
        0.023237526135000002,
        0.021789420135,
        0.024907772135000002,
        0.023796553135000002,
        0.022909208135,
        0.022975862135,
        0.022233516135000003,
        0.025006692135,
        0.024833947135000003,
        0.027596463135000002,
        0.020434524135000003,
        0.023015228135000003,
        0.022612954135000002,
        0.023736056135000003,
        0.022707288135000003,
        0.023862871135,
        0.022604263135,
        0.023350841135,
        0.023570984135,
        0.020597572135000002,
        0.022894359135,
        0.021749030135000003,
        0.023301486135,
        0.023096611135,
        0.023635565135,
        0.021735079135,
        0.022279727135000003,
        0.024024060135,
        0.021056726135000002,
        0.022825804135000002,
        0.021744598135,
        0.023096019135000003,
        0.022290111135000002,
        0.022848870135,
        0.022661130135000002,
        0.022657605135,
        0.022920532135,
        0.023715717135,
        0.022977271135,
        0.023584716135000003,
        0.024716997135,
        0.021797757135,
        0.021351830135000003,
        0.019860644135,
        0.022168145135,
        0.021044269135,
        0.019904937135000002,
        0.022198151135,
        0.023433849135,
        0.022814312135,
        0.022671062135000003,
        0.022303136135000002,
        0.022855479135000002,
        0.021936313135000003,
        0.022389471135000002,
        0.022348705135,
        0.020450699135,
        0.020963350135000003,
        0.021830758135000003,
        0.021682031135,
        0.021675084135,
        0.017375825135000002,
        0.019354570135000002,
        0.021309997135,
        0.023827789135000003,
        0.021336506135000002,
        0.021577754135000002,
        0.017182050135,
        0.022402049135,
        0.022048689135,
        0.021901926135000003,
        0.021909802135000003,
        0.022481987135000003,
        0.021934259135000002,
        0.023359211135000002,
        0.022620935135000002,
        0.021520707135,
        0.017822662135,
        0.022975296135000003,
        0.022562688135,
        0.018287331135,
        0.022733424135000003,
        0.023169237135000003,
        0.020574251135000002,
        0.021975626135000002,
        0.022541215135,
        0.022288088135000002,
        0.022142448135000003,
        0.020371747135000003,
        0.021331751135,
        0.024494353135,
        0.022928365135000003,
        0.021993987135,
        0.021688126135000003,
        0.020566576135,
        0.033830470135000006,
        0.018414092135,
        0.021992782135000003,
        0.022019493135000002,
        0.019956239135,
        0.023245960135,
        0.023821667135000002,
        0.022873531135000003
      ]
    },
    {
      "command": "\"benchmark_plugingetset\" \"benchmarks/data/generated10\" user yambi get",
      "mean": 0.017074932901233776,
      "stddev": 0.002075831778938614,
      "user": 0.0,
      "system": 0.0,
      "min": 0.010190381134999999,
      "max": 0.020495551135,