{
  "results": [
    {
      "command": "\"benchmark_plugingetset\" \"benchmarks/data/generated\" user yamlcpp get",
      "mean": 0.2545131658768182,
      "stddev": 0.008415052407287713,
      "user": 0.24644073954545453,
      "system": 0.00519633,
      "min": 0.24262513969500002,
      "max": 0.272447443695,
      "times": [
        0.256610511695,
        0.247843912695,
        0.249400069695,
        0.25073107169500003,
        0.264266151695,
        0.24262513969500002,
        0.25229777469500003,
        0.25402626369500003,
        0.272447443695,
        0.249430058695,
        0.25996642669500003
      ]
    },
    {
      "command": "\"benchmark_plugingetset\" \"benchmarks/data/generated\" user yanlr get",
      "mean": 0.12348539244500001,
      "stddev": 0.0021779276860158935,
      "user": 0.11327090999999996,
      "system": 0.008073455000000002,
      "min": 0.118942265695,
      "max": 0.127230712695,
      "times": [
        0.122492942695,
        0.123822089695,
        0.124302936695,
        0.121742929695,
        0.121127465695,
        0.119201211695,
        0.123629624695,
        0.121654250695,
        0.125769666695,
        0.124303900695,
        0.123862320695,
        0.121974205695,
        0.118942265695,
        0.122386756695,
        0.125102805695,
        0.125227554695,
        0.126109384695,
        0.125126068695,
        0.123410889695,
        0.127184251695,
        0.12429606769500001,
        0.121750805695,
        0.122998309695,
        0.127230712695
      ]
    },
    {
      "command": "\"benchmark_plugingetset\" \"benchmarks/data/generated\" user yambi get",
      "mean": 0.18904855438250004,
      "stddev": 0.006796725599863607,
      "user": 0.18309628500000003,
      "system": 0.0035142675000000003,
      "min": 0.179197423695,
      "max": 0.205970883695,
      "times": [
        0.179197423695,
        0.184046082695,
        0.190324572695,
        0.195388636695,
        0.194340749695,
        0.187073334695,
        0.183068317695,
        0.187236275695,
        0.183696619695,
        0.195630926695,
        0.185860794695,
        0.184699300695,
        0.205970883695,
        0.183619339695,
        0.19546565569500002,
        0.189157955695
      ]
    },
    {
      "command": "\"benchmark_plugingetset\" \"benchmarks/data/generated\" user yawn get",
      "mean": 0.07873967411605265,
      "stddev": 0.0025719576070596774,
      "user": 0.07100604815789473,
      "system": 0.0055267773684210516,
      "min": 0.074536896695,
      "max": 0.086451487695,
      "times": [
        0.076093371695,
        0.077673703695,
        0.086451487695,
        0.07750210369499999,
        0.078590420695,
        0.077269364695,
        0.085917445695,
        0.079427627695,
        0.076035328695,
        0.078198718695,
        0.077770633695,
        0.079935892695,
        0.079426661695,
        0.078068052695,
        0.075139799695,
        0.077869712695,
        0.075606356695,
        0.076958592695,
        0.084073138695,
        0.079949728695,
        0.080159393695,
        0.07634867569499999,
        0.080721300695,
        0.078507732695,
        0.080024606695,
        0.080255259695,
        0.075654208695,
        0.080000061695,
        0.078292614695,
        0.077439737695,
        0.079426218695,
        0.074536896695,
        0.07858618369499999,
        0.079303667695,
        0.077229330695,
        0.07966356869499999,
        0.080325133695,
        0.077674881695
      ]
    },
    {
      "command": "\"benchmark_plugingetset\" \"benchmarks/data/generated\" user yaypeg get",
      "mean": 0.390838808995,
      "stddev": 0.010887002439510676,
      "user": 0.38410548499999997,
      "system": 0.00442293,
      "min": 0.37912485369500004,
      "max": 0.41495607169500004,
      "times": [
        0.384544381695,
        0.38229623769500004,
        0.395175381695,
        0.395693852695,
        0.392252064695,
        0.41495607169500004,
        0.397973265695,
        0.38656834169500004,
        0.37912485369500004,
        0.379803638695
      ]
    }
  ]
}
