{
  "results": [
    {
      "command": "\"benchmark_plugingetset\" \"benchmarks/data/generated\" user yamlcpp get",
      "mean": 0.23953502811500005,
      "stddev": 0.004338168757618302,
      "user": 0.23274576,
      "system": 0.004492143333333332,
      "min": 0.235922020115,
      "max": 0.25001261611500003,
      "times": [
        0.246711076115,
        0.25001261611500003,
        0.237444935115,
        0.238099469115,
        0.240250421115,
        0.235922020115,
        0.236253041115,
        0.23836571611500001,
        0.237738744115,
        0.236724811115,
        0.238200118115,
        0.238697369115
      ]
    },
    {
      "command": "\"benchmark_plugingetset\" \"benchmarks/data/generated\" user yanlr get",
      "mean": 0.11992564836500001,
      "stddev": 0.0010703871658315457,
      "user": 0.10977467666666668,
      "system": 0.007967351666666666,
      "min": 0.11847934411500001,
      "max": 0.122863691115,
      "times": [
        0.118794800115,
        0.12044843911500001,
        0.120020698115,
        0.11991487411500001,
        0.119540364115,
        0.121192680115,
        0.11861891511500001,
        0.120848397115,
        0.11943433911500001,
        0.120249764115,
        0.11847934411500001,
        0.119278370115,
        0.12048482911500001,
        0.11888877711500001,
        0.11886422411500001,
        0.12012341411500001,
        0.118604147115,
        0.11948743111500001,
        0.120431694115,
        0.120265923115,
        0.122863691115,
        0.11898846011500001,
        0.121099298115,
        0.121292686115
      ]
    },
    {
      "command": "\"benchmark_plugingetset\" \"benchmarks/data/generated\" user yambi get",
      "mean": 0.17480338423264705,
      "stddev": 0.001730132037239063,
      "user": 0.16950492176470588,
      "system": 0.0029633099999999994,
      "min": 0.173273990115,
      "max": 0.180008584115,
      "times": [
        0.173564772115,
        0.175003324115,
        0.173555189115,
        0.174697816115,
        0.176122665115,
        0.173382307115,
        0.174323758115,
        0.174652533115,
        0.173273990115,
        0.176912148115,
        0.173468077115,
        0.175291586115,
        0.17459489011499998,
        0.173379989115,
        0.173540267115,
        0.175885635115,
        0.180008584115
      ]
    },
    {
      "command": "\"benchmark_plugingetset\" \"benchmarks/data/generated\" user yawn get",
      "mean": 0.07359100229448719,
      "stddev": 0.0009961783513097455,
      "user": 0.06628127923076922,
      "system": 0.005163899743589743,
      "min": 0.07216833511500001,
      "max": 0.075895360115,
      "times": [
        0.07462067011500001,
        0.07332863711500001,
        0.07314331211500001,
        0.073574093115,
        0.072541313115,
        0.07288292711500001,
        0.072789690115,
        0.073639747115,
        0.072633785115,
        0.07326670511500001,
        0.073707525115,
        0.074251252115,
        0.072645195115,
        0.075495205115,
        0.07216833511500001,
        0.073406350115,
        0.073907860115,
        0.07442609111500001,
        0.074983998115,
        0.07427738811500001,
        0.07412939611500001,
        0.075841418115,
        0.07405794611500001,
        0.072885127115,
        0.07543152711500001,
        0.072937567115,
        0.075895360115,
        0.07290472711500001,
        0.072305189115,
        0.072190356115,
        0.07290783911500001,
        0.072891220115,
        0.07319138411500001,
        0.07357732011500001,
        0.074582909115,
        0.07303630011500001,
        0.073655984115,
        0.073419269115,
        0.072518169115
      ]
    },
    {
      "command": "\"benchmark_plugingetset\" \"benchmarks/data/generated\" user yaypeg get",
      "mean": 0.363231349315,
      "stddev": 0.0019806722322925126,
      "user": 0.35653250999999997,
      "system": 0.004279509999999999,
      "min": 0.36022077511500006,
      "max": 0.366247076115,
      "times": [
        0.36143368411500004,
        0.364360897115,
        0.361814042115,
        0.36176945311500003,
        0.36255269111500005,
        0.366247076115,
        0.36360097211500003,
        0.36564834511500005,
        0.36022077511500006,
        0.36466555711500004
      ]
    }
  ]
}
