{
  "results": [
    {
      "command": "\"benchmark_plugingetset\" \"benchmarks/data/generated1000\" user yamlcpp get",
      "mean": 0.02783235155363636,
      "stddev": 0.0008384410667773762,
      "user": 0.024605177929292916,
      "system": 0.0014837461616161623,
      "min": 0.02652458219,
      "max": 0.032283892189999996,
      "times": [
        0.02797561619,
        0.02754570819,
        0.02732683419,
        0.02945903519,
        0.02766643619,
        0.02726681919,
        0.02707878819,
        0.027898261190000002,
        0.02737629319,
        0.02756146219,
        0.028027710190000003,
        0.027442087190000002,
        0.02693994719,
        0.02807849319,
        0.02811816319,
        0.02720076019,
        0.029245805189999998,
        0.029362687190000004,
        0.026956495190000002,
        0.02742467619,
        0.032283892189999996,
        0.02887775219,
        0.02874297919,
        0.02851658119,
        0.028631329190000002,
        0.02798689119,
        0.027490079190000002,
        0.027645144190000002,
        0.028623274190000002,
        0.027625039190000002,
        0.02728503119,
        0.02798827019,
        0.028007092190000003,
        0.02733449019,
        0.02893119219,
        0.02705276519,
        0.02795144519,
        0.027854111190000003,
        0.028544033190000002,
        0.02701044219,
        0.02656791219,
        0.02858900219,
        0.02738234019,
        0.02756296219,
        0.02727165119,
        0.029633558190000003,
        0.02719581519,
        0.027542501190000002,
        0.028514093190000003,
        0.02728038919,
        0.02722852219,
        0.02751992019,
        0.028405421190000002,
        0.028393490190000002,
        0.02722298319,
        0.02806347919,
        0.027709582190000002,
        0.02715983219,
        0.02795180219,
        0.029129879190000003,
        0.02733428019,
        0.02750793819,
        0.02851666919,
        0.02788361219,
        0.027699661190000002,
        0.026706507190000003,
        0.02858322819,
        0.02742490519,
        0.027478512190000002,
        0.029395498190000004,
        0.029217042190000004,
        0.02738280919,
        0.02675137919,
        0.028233410190000002,
        0.02688584019,
        0.026905221190000002,
        0.02774212619,
        0.02755176519,
        0.02808875119,
        0.027236190190000002,
        0.027883424190000002,
        0.02713968219,
        0.02788363219,
        0.02809499419,
        0.02727583919,
        0.02718326219,
        0.027809916190000002,
        0.028702207190000002,
        0.02652458219,
        0.02660522919,
        0.028540269190000002,
        0.027030162190000002,
        0.027478491190000003,
        0.02706591519,
        0.02852071619,
        0.02769060319,
        0.02724044519,
        0.02829242619,
        0.02725660919
      ]
    },
    {
      "command": "\"benchmark_plugingetset\" \"benchmarks/data/generated1000\" user yanlr get",
      "mean": 0.01606960664098039,
      "stddev": 0.0005886145805958138,
      "user": 0.01259299611111111,
      "system": 0.001875528692810457,
      "min": 0.014955632190000002,
      "max": 0.01815876019,
      "times": [
        0.01753036819,
        0.01623082619,
        0.01628840819,
        0.015558966189999999,
        0.01632989919,
        0.01602413619,
        0.01748550919,
        0.01559134719,
        0.01614176019,
        0.01601729419,
        0.015980912190000002,
        0.01580590019,
        0.01735994719,
        0.01625313819,
        0.01538802119,
        0.01572035119,
        0.01609908519,
        0.01646966919,
        0.01636178419,
        0.01586690219,
        0.01529456219,
        0.015467333190000002,
        0.01632934419,
        0.01681886719,
        0.01777046619,
        0.01688770719,
        0.01570367119,
        0.01581866619,
        0.01589433219,
        0.01733656119,
        0.01587020119,
        0.015590539189999999,
        0.016705325190000002,
        0.01605612419,
        0.015439457189999999,
        0.01653899519,
        0.01594534119,
        0.01586212519,
        0.01570606619,
        0.01679654119,
        0.01689086419,
        0.01606700719,
        0.01573684719,
        0.01566929719,
        0.01518992919,
        0.01713987119,
        0.01684003619,
        0.01594105919,
        0.01565290119,
        0.01575960219,
        0.01572664919,
        0.015553535189999999,
        0.01655359819,
        0.01597322519,
        0.016341319190000002,
        0.01627322319,
        0.015593855189999999,
        0.01576560119,
        0.01647584119,
        0.016628205190000002,
        0.01658562319,
        0.01563155719,
        0.01526144519,
        0.016744010190000002,
        0.01567395419,
        0.01588045619,
        0.01574910119,
        0.01595453819,
        0.015586585190000002,
        0.01697168419,
        0.015208604189999999,
        0.01574669919,
        0.01623698619,
        0.01571055919,
        0.01578161319,
        0.01657532719,
        0.01601801419,
        0.01585078019,
        0.01611689419,
        0.01599789419,
        0.01616345119,
        0.01662345219,
        0.01587954019,
        0.01535979019,
        0.01593821119,
        0.01662214819,
        0.01670027019,
        0.01815876019,
        0.01634686519,
        0.01546200319,
        0.01583412219,
        0.015474774190000002,
        0.016461112190000002,
        0.01578020619,
        0.01576434819,
        0.01544951919,
        0.01569695119,
        0.01545817419,
        0.01705883319,
        0.01625622219,
        0.01690873919,
        0.01577916819,
        0.01553025819,
        0.015617448190000001,
        0.01636503419,
        0.01545423819,
        0.01562806919,
        0.01695808219,
        0.01563768619,
        0.01579980419,
        0.01660561719,
        0.01609362319,
        0.01537230219,
        0.015434245190000001,
        0.01599097519,
        0.01753535919,
        0.015621743189999999,
        0.01509430619,
        0.01547558219,
        0.015606301190000001,
        0.01526159619,
        0.01685077719,
        0.01627954119,
        0.01551731119,
        0.01642250819,
        0.01605135619,
        0.015370920190000002,
        0.017099955190000002,
        0.01560099919,
        0.01562810319,
        0.015958046190000002,
        0.01598067319,
        0.01530715019,
        0.01700098119,
        0.01621139819,
        0.01613884919,
        0.015540702190000002,
        0.015565887189999999,
        0.01557706319,
        0.01644987119,
        0.01573732719,
        0.014955632190000002,
        0.01669024819,
        0.016035535190000002,
        0.016280012190000002,
        0.01612649419,
        0.01607969519,
        0.01614674519,
        0.01570184419,
        0.015675365190000002,
        0.01646347119,
        0.01702281419,
        0.015532357190000002
      ]
    },
    {
      "command": "\"benchmark_plugingetset\" \"benchmarks/data/generated1000\" user yambi get",
      "mean": 0.02131625278689922,
      "stddev": 0.0005786256813651411,
      "user": 0.01843139662790696,
      "system": 0.0012223082945736427,
      "min": 0.02038445519,
      "max": 0.02328635419,