{
  "results": [
    {
      "command": "sh autogen.sh && ./configure --enable-drivers=bayrad,CFontz,CFontzPacket,curses,CwLnx,glk,lb216,lcdm001,MtxOrb,pyramid,text,hd44780,xosd,linux_input && make",
      "mean": 13.588824808045,
      "stddev": 0.043785687793236966,
      "median": 13.604958962845,
      "user": 12.265348949999996,
      "system": 1.471847115,
      "min": 13.505673789345,
      "max": 13.635274180345,
      "times": [
        13.505673789345,
        13.612993715345,
        13.604730504345001,
        13.605920744345001,
        13.635274180345,
        13.511432299345001,
        13.605187421345,
        13.596585626345,
        13.615178589345,
        13.595271210345
      ]
    }
  ]
}
