{
  "results": [
    {
      "command": "make",
      "mean": 5.562539663095,
      "stddev": 0.0042220540066735665,
      "median": 5.562880724495001,
      "user": 4.954732325,
      "system": 0.6063529699999999,
      "min": 5.554490298995001,
      "max": 5.568155370995,
      "times": [
        5.563057116995,
        5.561442047995,
        5.554490298995001,
        5.565746374995,
        5.5606389569950005,
        5.5575892889950005,
        5.5627043319950005,
        5.567035184995,
        5.564537657995,
        5.568155370995
      ]
    }
  ]
}
