{
  "results": [
    {
      "command": "make",
      "mean": 5.48927191634,
      "stddev": 0.0056317685095764215,
      "median": 5.488085826639999,
      "user": 4.922973099999999,
      "system": 0.5640394150000001,
      "min": 5.47850154214,
      "max": 5.49723678414,
      "times": [
        5.49458819814,
        5.488262819139999,
        5.49723678414,
        5.47850154214,
        5.48541259614,
        5.485983107139999,
        5.492615561139999,
        5.4871512421399995,
        5.48790883414,
        5.49505847914
      ]
    }
  ]
}
