{
  "results": [
    {
      "command": "make",
      "mean": 9.06104164105,
      "stddev": 0.0074020749665209785,
      "median": 9.06163982775,
      "user": 8.280360465000001,
      "system": 0.7747233099999999,
      "min": 9.05077290675,
      "max": 9.07592969575,
      "times": [
        9.07592969575,
        9.062201555749999,
        9.06243867075,
        9.05090041175,
        9.06625231975,
        9.06476481875,
        9.05739590675,
        9.05077290675,
        9.061078099749999,
        9.05868202475
      ]
    }
  ]
}
