{
  "results": [
    {
      "command": "make",
      "mean": 9.516767685895001,
      "stddev": 0.01272709735882655,
      "median": 9.515543555095,
      "user": 8.718370044999997,
      "system": 0.777688605,
      "min": 9.499454209095001,
      "max": 9.541010392095,
      "times": [
        9.529479112095,
        9.541010392095,
        9.507929478095,
        9.504218723095,
        9.515227681095,
        9.507751156095,
        9.499454209095001,
        9.515859429095,
        9.522533286095001,
        9.524213392095001
      ]
    }
  ]
}
