{
  "results": [
    {
      "command": "lcdproc -f -e 10 C M L T D U",
      "mean": 0.50107659381,
      "stddev": 0.0001409134644668254,
      "median": 0.5010483574100001,
      "user": 0.0007751249999999999,
      "system": 0.000062358,
      "min": 0.50091928241,
      "max": 0.50140657441,
      "times": [
        0.50113565141,
        0.50111416341,
        0.50091928241,
        0.50098593141,
        0.5009851044100001,
        0.5011494124100001,
        0.5011030324100001,
        0.50140657441,
        0.5009936824100001,
        0.50097310341
      ]
    }
  ]
}
