{
  "results": [
    {
      "command": "lcdproc -f",
      "mean": 0.515275542865,
      "stddev": 0.001020229032889429,
      "median": 0.5154648830649999,
      "user": 0.008569650000000002,
      "system": 0.001295834,
      "min": 0.512564871565,
      "max": 0.516082481565,
      "times": [
        0.512564871565,
        0.515884511565,
        0.515425682565,
        0.5158783515650001,
        0.516082481565,
        0.515340753565,
        0.515945954565,
        0.514972093565,
        0.515504083565,
        0.515156644565
      ]
    }
  ]
}
