{
  "results": [
    {
      "command": "sleep .01; LCDd -f -p 9993 -r 5",
      "mean": 0.034649301685344816,
      "stddev": 0.0019368151998140118,
      "median": 0.034317088375000006,
      "user": 0.006499702298850577,
      "system": 0.0015004646551724137,
      "min": 0.032893918375000004,
      "max": 0.04829892737500001,
      "times": [
        0.033902478375,
        0.033125268375,
        0.032893918375000004,
        0.033193118375000004,
        0.03304812737500001,
        0.03354369837500001,
        0.033990198375,
        0.03607267737500001,
        0.035041068375000005,
        0.033797748375000006,
        0.033790198375000004,
        0.035437727375000005,
        0.033797568375,
        0.034513187375000004,
        0.033484498375000005,
        0.03521752837500001,
        0.034517708375000004,
        0.034158378375000006,
        0.033785988375000006,
        0.034426678375000005,
        0.034189597375000005,
        0.033294518375000005,
        0.034996158375,
        0.03449812737500001,
        0.03386667837500001,
        0.033623737375000004,
        0.034745618375,
        0.03734490737500001,
        0.034793668375,
        0.035217327375,
        0.03642058837500001,
        0.035170487375000004,
        0.034673368375000006,
        0.035468408375,
        0.033293358375000005,
        0.04829892737500001,
        0.037894958375,
        0.034553088375000006,
        0.03527566737500001,
        0.03526528837500001,
        0.03580214837500001,
        0.03459054837500001,
        0.035393188375,
        0.033997647375,
        0.033722608375000004,
        0.034432177375000005,
        0.033278658375000006,
        0.03458473837500001,
        0.034993218375,
        0.03572895737500001,
        0.033479908375000006,
        0.03432044837500001,
        0.034017378375000004,
        0.03379932837500001,
        0.033733908375,
        0.035468508375000006,
        0.03423956837500001,
        0.033659477375,
        0.034040989375000004,
        0.033550808375000005,
        0.033422118375000004,
        0.03436521737500001,
        0.03457716837500001,
        0.033685528375,
        0.035157688375,
        0.041536297375,
        0.034317088375000006,
        0.03300294837500001,
        0.03329987737500001,
        0.03466339837500001,
        0.033436488375000004,
        0.03392556737500001,
        0.03547302837500001,
        0.035489287375000005,
        0.034513948375000006,
        0.033923768375,
        0.033130378375000005,
        0.03353822837500001,
        0.034032917375000006,
        0.03436307837500001,
        0.03497568837500001,
        0.03323699837500001,
        0.03415477737500001,
        0.03400961837500001,
        0.037565168375000006,
        0.03423628837500001,
        0.035000228375000005
      ]
    }
  ]
}
