{
  "results": [
    {
      "command": "sudo lcdvc -f",
      "mean": 0.11109173975740738,
      "stddev": 0.0004202674108402016,
      "median": 0.11110073335,
      "user": 0.004903259074074073,
      "system": 0.0029277485185185185,
      "min": 0.11001551235,
      "max": 0.11184103235,
      "times": [
        0.11001551235,
        0.11027185235,
        0.11042651235,
        0.11146366235,
        0.11113873235,
        0.11108995335,
        0.11085892135,
        0.11104223135,
        0.11110073335,
        0.11184103235,
        0.11090637335,
        0.11126145235,
        0.11152543235,
        0.11087259235000001,
        0.11141325335,
        0.11133563135,
        0.11121980135,
        0.11138087335,
        0.11112547135,
        0.11090813235000001,
        0.11112615235000001,
        0.11106201235,
        0.11173092135,
        0.11078798335000001,
        0.11083487135,
        0.11171596235,
        0.11102091335
      ]
    }
  ]
}
