{
  "results": [
    {
      "command": "lcdproc -f",
      "mean": 0.501084122815,
      "stddev": 0.00010513636698987229,
      "median": 0.5010948952150001,
      "user": 0.0007199849999999999,
      "system": 0.0002042025,
      "min": 0.5008941112149999,
      "max": 0.501240114215,
      "times": [
        0.5008941112149999,
        0.501141231215,
        0.501077129215,
        0.500959942215,
        0.501194852215,
        0.501112661215,
        0.5010519812149999,
        0.501028902215,
        0.501240114215,
        0.501140303215
      ]
    }
  ]
}
