{
  "results": [
    {
      "command": "lcdproc -f",
      "mean": 0.515207296165,
      "stddev": 0.0009404610686933549,
      "median": 0.5154372607650002,
      "user": 0.008384885,
      "system": 0.0015029000000000002,
      "min": 0.5125971137650001,
      "max": 0.5158914147650001,
      "times": [
        0.5125971137650001,
        0.5156767037650001,
        0.5151669147650001,
        0.5155331647650001,
        0.5156616057650001,
        0.5158914147650001,
        0.5154282257650001,
        0.5154462957650001,
        0.515388835765,
        0.5152826867650001
      ]
    }
  ]
}
