{
  "results": [
    {
      "command": "sleep .01; LCDd -f",
      "mean": 0.047078797186904775,
      "stddev": 0.000769334082449896,
      "median": 0.046860283425,
      "user": 0.032065380476190466,
      "system": 0.0018770829365079365,
      "min": 0.046241632425000005,
      "max": 0.050286322425,
      "times": [
        0.046746602425000006,
        0.047258723425,
        0.046418512425,
        0.047560113425,
        0.047247782425,
        0.046629532425,
        0.04638462242500001,
        0.046433213425,
        0.046422952425000004,
        0.047540082425000005,
        0.047385662425,
        0.047416943425000004,
        0.046882471425,
        0.048001233425000005,
        0.048147972425000005,
        0.046611812425,
        0.047078722425000004,
        0.050286322425,
        0.046753133425,
        0.046629221425000006,
        0.047200253425000005,
        0.046928042425000004,
        0.046737273425,
        0.046719452425,
        0.047157453425,
        0.04663035242500001,
        0.046656662425,
        0.047077943425000005,
        0.046755152425,
        0.047183143425000004,
        0.046812182425,
        0.046739543425,
        0.04684825242500001,
        0.046527443425,
        0.04736142242500001,
        0.046842923425,
        0.046802433425000005,
        0.046946792425,
        0.046611483425,
        0.046639652425000004,
        0.046515663425000006,
        0.047450331425000006,
        0.046801382425,
        0.046860283425,
        0.046876801425,
        0.046616073425,
        0.046241632425000005,
        0.047158413425000004,
        0.046512282425,
        0.046553592425000005,
        0.046455473425000005,
        0.046872952425,
        0.046662882425,
        0.046852252425000004,
        0.047475893425000006,
        0.04764244242500001,
        0.04699338242500001,
        0.047509363425000006,
        0.047008473425,
        0.046940582425,
        0.049850532425,
        0.04989027242500001,
        0.047209772425000004
      ]
    }
  ]
}
