{
  "results": [
    {
      "command": "sleep .01; LCDd -f",
      "mean": 0.06324622131468086,
      "stddev": 0.0005008293294426522,
      "median": 0.06314634657,
      "user": 0.0458101710638298,
      "system": 0.0032382957446808517,
      "min": 0.06251132657,
      "max": 0.06420546557,
      "times": [
        0.06310644657,
        0.06309713557,
        0.06294253657,
        0.06290850557,
        0.06344636657,
        0.06268330657,
        0.06342844557,
        0.06314634657,
        0.06375758557,
        0.06365124657,
        0.06318448657,
        0.06420546557,
        0.06334188657,
        0.06319503557,
        0.06282508557,
        0.06260634657,
        0.06253124657,
        0.06418921557,
        0.06338266657,
        0.06322197657,
        0.06285046657,
        0.06268752657,
        0.06366053657,
        0.06257521557,
        0.06399646657,
        0.06309305657,
        0.06285047557,
        0.06285438657,
        0.06365895657,
        0.06410847557,
        0.06314680657,
        0.06369847557,
        0.06370040657,
        0.06311719657,
        0.06361664557,
        0.06418700657,
        0.06263566557,
        0.06296064657,
        0.06404095657,
        0.06349734557,
        0.06291325657,
        0.06404441657,
        0.06287592557,
        0.06285352657,
        0.06251132657,
        0.06289884657,
        0.06268705557
      ]
    }
  ]
}
