{
  "results": [
    {
      "command": "sleep .01; LCDd -f",
      "mean": 0.011413638136809342,
      "stddev": 0.0002500181903970553,
      "median": 0.011358900880000002,
      "user": 0.001204455603112841,
      "system": 0.00006880017509727626,
      "min": 0.011014209880000002,
      "max": 0.012396640880000002,
      "times": [
        0.011112399880000002,
        0.011136000880000002,
        0.011014209880000002,
        0.011050130880000002,
        0.011023259880000002,
        0.011169990880000001,
        0.011161409880000002,
        0.011189110880000002,
        0.011197109880000002,
        0.011124100880000001,
        0.011165919880000002,
        0.01124659088,
        0.011203029880000001,
        0.011399170880000002,
        0.011403359880000002,
        0.011175160880000002,
        0.01124489988,
        0.011318760880000002,
        0.012233179880000002,
        0.011625300880000002,
        0.011541840880000001,
        0.011294339880000002,
        0.011354590880000001,
        0.011178949880000002,
        0.011300090880000002,
        0.01130419988,
        0.01132896088,
        0.01204612988,
        0.011480150880000001,
        0.011742579880000001,
        0.01124864088,
        0.011214179880000001,
        0.011377670880000001,
        0.011160769880000001,
        0.011476730880000001,
        0.011598800880000001,
        0.011257349880000002,
        0.011185399880000002,
        0.01131640088,
        0.011412749880000001,
        0.01137774088,
        0.01134366988,
        0.011621909880000001,
        0.011840480880000002,
        0.011416279880000001,
        0.011370960880000001,
        0.011284379880000002,
        0.01133129088,
        0.011365719880000002,
        0.01149255088,
        0.011359069880000001,
        0.011605750880000001,
        0.011370549880000002,
        0.011243980880000002,
        0.011239920880000002,
        0.011393389880000002,
        0.011437680880000002,
        0.01124843988,
        0.012027300880000001,
        0.01136410988,
        0.01149720088,
        0.012270719880000001,
        0.011392150880000002,
        0.011278319880000002,
        0.01133098088,
        0.011369429880000002,
        0.011196250880000001,
        0.011403220880000002,
        0.011435789880000002,
        0.011692070880000002,
        0.011484699880000001,
        0.011224000880000001,
        0.01141782988,
        0.011697340880000002,
        0.011171559880000001,
        0.011386750880000001,
        0.011294969880000002,
        0.011483660880000001,
        0.011502579880000002,
        0.01131991088,
        0.011360129880000002,
        0.011153669880000001,
        0.011231940880000001,
        0.011223380880000002,
        0.011192200880000001,
        0.011300239880000002,
        0.011133930880000002,
        0.011132519880000002,
        0.01134328088,
        0.011762769880000001,
        0.011339080880000001,
        0.011227789880000002,
        0.011651410880000001,
        0.011330079880000002,
        0.011175830880000001,
        0.011896739880000002,
        0.011301680880000001,
        0.011170609880000001,
        0.011190550880000002,
        0.01135326988,
        0.011518159880000002,
        0.011786560880000001,
        0.011299119880000002,
        0.011108729880000001,
        0.011490290880000002,
        0.011340760880000002,
        0.011313819880000001,
        0.011365080880000001,
        0.011350329880000001,
        0.011457720880000001,
        0.011274869880000002,
        0.011320810880000002,
        0.011410159880000001,
        0.011237110880000001,
        0.011371670880000002,
        0.011545309880000002,
        0.012396640880000002,
        0.011448599880000002,
        0.011361750880000002,
        0.011346349880000002,
        0.011679210880000002,
        0.011618709880000001,
        0.011212050880000001,
        0.011110370880000001,
        0.011385110880000002,
        0.011093470880000001,
        0.011443889880000002,
        0.011424830880000002,
        0.012014869880000001,
        0.011445100880000001,
        0.011448019880000002,
        0.011267400880000002,
        0.01156213988,
        0.011696310880000001,
        0.011459999880000002,
        0.011204159880000002,
        0.01134794088,
        0.011582209880000001,
        0.011358900880000002,
        0.011324579880000001,
        0.011430140880000002,
        0.01148646988,
        0.011381930880000002,
        0.01122007988,
        0.011245350880000001,
        0.011637849880000002,
        0.011531830880000002,
        0.011204209880000001,
        0.011190900880000002,
        0.011151289880000002,
        0.012206289880000002,
        0.011612440880000002,
        0.01126126988,
        0.011154250880000001,
        0.011187319880000001,
        0.011277580880000002,
        0.01109329988,
        0.011310610880000002,
        0.011538529880000002,
        0.011443290880000002,
        0.011550629880000001,
        0.011532570880000002,
        0.011469050880000001,
        0.011938099880000002,
        0.011627510880000002,
        0.011261699880000002,
        0.011270570880000002,
        0.01145551988,
        0.011297310880000001,
        0.011456939880000001,
        0.012124850880000001,
        0.011513869880000001,
        0.011426649880000002,
        0.011271650880000001,
        0.01117771988,
        0.011343140880000002,
        0.011170889880000002,
        0.011201450880000002,
        0.011384759880000001,
        0.011262180880000002,
        0.01129105988,
        0.011301980880000001,
        0.011171059880000002,
        0.011223340880000002,
        0.011349979880000001,
        0.011294860880000002,
        0.011576909880000001,
        0.011543130880000002,
        0.011258590880000002,
        0.01116451088,
        0.011558180880000001,
        0.011281680880000002,
        0.011210470880000002,
        0.011715190880000002,
        0.011231859880000002,
        0.011384290880000002,
        0.011536639880000001,
        0.011273100880000001,
        0.011623939880000001,
        0.01142388088,
        0.012011809880000002,
        0.011452259880000001,
        0.011781630880000001,
        0.011105389880000002,
        0.011125560880000001,
        0.011476729880000001,
        0.01135846088,
        0.011388159880000002,
        0.011496960880000002,
        0.011835949880000002,
        0.011503680880000002,
        0.011526549880000002,
        0.011726999880000002,
        0.011769400880000001,
        0.011306369880000002,
        0.012274720880000001,
        0.011464469880000001,
        0.011421100880000002,
        0.012099059880000002,
        0.011279450880000002,
        0.011293360880000002,
        0.012112609880000002,
        0.011303930880000002,
        0.011273999880000002,
        0.011265400880000002,
        0.011224899880000002,
        0.01118991088,
        0.011240079880000002,
        0.011574530880000001,
        0.01226520988,
        0.011248830880000001,
        0.011271429880000001,
        0.011093330880000002,
        0.011217340880000001,
        0.011535879880000002,
        0.011364180880000001,
        0.011395849880000001,
        0.011336799880000002,
        0.011236339880000001,
        0.01134590088,
        0.011355270880000002,
        0.011403589880000002,
        0.011746010880000001,
        0.011502159880000001,
        0.011517869880000002,
        0.011706730880000002,
        0.01124463988,
        0.011295890880000001,
        0.01133868988,
        0.012251270880000002,
        0.011562649880000001,
        0.01142975088,
        0.011646739880000001,
        0.011394490880000002,
        0.011435209880000002,
        0.011387989880000001,
        0.011682370880000001
      ]
    }
  ]
}
