{
  "results": [
    {
      "command": "lcdproc -f",
      "mean": 0.50875914252,
      "stddev": 0.0010066860107604985,
      "median": 0.5088236395200001,
      "user": 0.00314254,
      "system": 0.000152109,
      "min": 0.50620428652,
      "max": 0.50975638552,
      "times": [
        0.50620428652,
        0.50861246652,
        0.50865465752,
        0.50885573452,
        0.5087915445200001,
        0.5093557575200001,
        0.50844585852,
        0.50970938452,
        0.50975638552,
        0.5092053495200001
      ]
    }
  ]
}
