{
  "results": [
    {
      "command": "sudo lcdvc -f",
      "mean": 0.11111887428092594,
      "stddev": 0.0004560606257887656,
      "median": 0.11111531335500001,
      "user": 0.005500873703703703,
      "system": 0.0022561764814814818,
      "min": 0.11016474535500001,
      "max": 0.11204141335500001,
      "times": [
        0.11016474535500001,
        0.110337554355,
        0.11068238535500001,
        0.11084832435500001,
        0.11135033335500001,
        0.111469014355,
        0.110932075355,
        0.111892343355,
        0.11111531335500001,
        0.11112504435500001,
        0.11132333535500001,
        0.11204141335500001,
        0.110685084355,
        0.11032084635500002,
        0.11148573535500002,
        0.111085472355,
        0.111068285355,
        0.11152392435500001,
        0.11075933435500002,
        0.11088126435500001,
        0.11127129535500001,
        0.11137936635500001,
        0.11148563535500002,
        0.11172343435500001,
        0.11106510535500001,
        0.11101612435500001,
        0.11117681535500001
      ]
    }
  ]
}
