{
  "results": [
    {
      "command": "sleep .1; lcdexec -f",
      "mean": 0.10660430992857142,
      "stddev": 0.00030816348149090864,
      "median": 0.10665989925000001,
      "user": 0.0027513449999999997,
      "system": 0.0009512771428571429,
      "min": 0.10590908775,
      "max": 0.10711476075000001,
      "times": [
        0.10619717975000001,
        0.10590908775,
        0.10701121975000001,
        0.10668027875000001,
        0.10701082875000001,
        0.10711476075000001,
        0.10684848775000001,
        0.10651861875,
        0.10644327875000001,
        0.10651449975,
        0.10673230975,
        0.10670149975000001,
        0.10678093775000001,
        0.10671552875000001,
        0.10646732975,
        0.10648147975000001,
        0.10684487875000001,
        0.10663204875000001,
        0.10684634975000001,
        0.10629533875000001,
        0.10598749975,
        0.10651837075000001,
        0.10673912875000001,
        0.10680766875000001,
        0.10655993975000001,
        0.10691374975000001,
        0.10600885875,
        0.10663951975000001
      ]
    }
  ]
}
