{
  "results": [
    {
      "command": "sleep .1; lcdexec -f",
      "mean": 0.117357677295,
      "stddev": 0.0004455170860072107,
      "median": 0.11727973705500001,
      "user": 0.012701949999999997,
      "system": 0.001611954,
      "min": 0.116523447055,
      "max": 0.118299607055,
      "times": [
        0.116761087055,
        0.11727625705500001,
        0.118070417055,
        0.11724691605500001,
        0.117227057055,
        0.117672186055,
        0.118299607055,
        0.116957117055,
        0.11727973705500001,
        0.11711194805500001,
        0.118111777055,
        0.116776147055,
        0.11743197705500001,
        0.117049827055,
        0.117352637055,
        0.11779265705500001,
        0.117703237055,
        0.11702726705500001,
        0.11692804605500001,
        0.116523447055,
        0.11704297705500001,
        0.117764867055,
        0.117439976055,
        0.11757617705500001,
        0.11751858605500001
      ]
    }
  ]
}
