{
  "results": [
    {
      "command": "sleep .01; LCDd -f -p 9993 -r 5",
      "mean": 0.011241137635019022,
      "stddev": 0.0003339577748494455,
      "median": 0.01114374627,
      "user": 0.0009441833460076042,
      "system": 0.00008528650190114065,
      "min": 0.01071599627,
      "max": 0.01265163627,
      "times": [
        0.01088686627,
        0.010808756269999999,
        0.01079026527,
        0.01074221627,
        0.01075462627,
        0.01076731627,
        0.010781296269999999,
        0.01071599627,
        0.01081252627,
        0.01078760627,
        0.01077753527,
        0.01099166627,
        0.01107259627,
        0.01110972627,
        0.011120706269999999,
        0.01118727727,
        0.01104521627,
        0.01139810627,
        0.01150269627,
        0.01100921627,
        0.01088449627,
        0.01100831627,
        0.01107836527,
        0.01195532627,
        0.01141541627,
        0.01154301627,
        0.011881125269999999,
        0.01133892627,
        0.01099579627,
        0.01122510627,
        0.01162648627,
        0.01091123627,
        0.01095124527,
        0.01097497627,
        0.011017906269999999,
        0.01108338627,
        0.01115443627,
        0.01100039627,
        0.011196086269999999,
        0.01154732627,
        0.01143115627,
        0.01151993627,
        0.01085725527,
        0.01144057627,
        0.01129971627,
        0.010872146269999999,
        0.01148386627,
        0.01122228627,
        0.01094181527,
        0.01204829627,
        0.01182157627,
        0.01112457627,
        0.010922745269999999,
        0.01095529627,
        0.01094503627,
        0.01196882627,
        0.01114374627,
        0.01095808627,
        0.01104754627,
        0.01139314527,
        0.01144647627,
        0.012042276269999999,
        0.01132377627,
        0.01117627627,
        0.01137142627,
        0.01159005527,
        0.01184869627,
        0.01106448627,
        0.01133866627,
        0.01151113627,
        0.01138473627,
        0.01191734627,
        0.011752025269999999,
        0.010909246269999999,
        0.01098863627,
        0.01085497527,
        0.01096873627,
        0.01090394627,
        0.01101668627,
        0.01152015627,
        0.01144219627,
        0.01095711627,
        0.01097957627,
        0.01096869627,
        0.01147376527,
        0.01117369627,
        0.01121673627,
        0.01195740627,
        0.01137081627,
        0.01161800627,
        0.01119936627,
        0.01160118527,
        0.01136785627,
        0.01114205627,
        0.01095794627,
        0.01091379527,
        0.01101990627,
        0.01093876627,
        0.01121229627,
        0.011078646269999999,
        0.011074556269999999,
        0.011094136269999999,
        0.01109187627,
        0.01107965627,
        0.011217686269999999,
        0.01181539527,
        0.01265163627,
        0.01173756627,
        0.011768296269999999,
        0.01241127527,
        0.01098130627,
        0.010798226269999999,
        0.01097049627,
        0.01132053627,
        0.01131736627,
        0.011279026269999999,
        0.01123906627,
        0.01111128627,
        0.01144870627,
        0.01192998627,
        0.01127571627,
        0.011506856269999999,
        0.01096195627,
        0.01163094527,
        0.01176179627,
        0.01133785627,
        0.01134657627,
        0.01137789527,
        0.01099491627,
        0.01193191627,
        0.01123390627,
        0.01100273627,
        0.01095798627,
        0.01098193627,
        0.01137223527,
        0.01103694627,
        0.011305626269999999,
        0.01104994627,
        0.01110514627,
        0.01134850627,
        0.01113162627,
        0.01099347627,
        0.011100566269999999,
        0.01130359627,
        0.01137067627,
        0.01139140627,
        0.01128134627,
        0.01148871627,
        0.01137820627,
        0.01121055627,
        0.01141859527,
        0.01203142627,
        0.01140640627,
        0.011177775269999999,
        0.01170194627,
        0.011127126269999999,
        0.01134413627,
        0.011187006269999999,
        0.01144923627,
        0.01096930527,
        0.01091697627,
        0.01096972627,
        0.01091034627,
        0.01093038627,
        0.01115276627,
        0.011310866269999999,
        0.01109307627,
        0.01114338627,
        0.01126440627,
        0.01142949527,
        0.01189846627,
        0.01119217627,
        0.01100192627,
        0.01142924627,
        0.010908946269999999,
        0.01109567627,
        0.01107840627,
        0.01106367627,
        0.01114701527,
        0.01098102627,
        0.01094394627,
        0.01091148627,
        0.01171995627,
        0.01107978627,
        0.01101115527,
        0.01087317627,
        0.011911426269999999,
        0.01124802627,
        0.01170973627,
        0.01142793727,
        0.01107357627,
        0.01168223627,
        0.01108002627,
        0.01172415627,
        0.01133026627,
        0.01121234627,
        0.01175463527,
        0.01213419627,
        0.011402306269999999,
        0.01097624627,
        0.01171824627,
        0.01094783627,
        0.01110826527,
        0.01150796627,
        0.01177695627,
        0.011084206269999999,
        0.01080142627,
        0.01106469627,
        0.01099967627,
        0.01102486627,
        0.01105669527,
        0.01152949627,
        0.01112124627,
        0.01104108627,
        0.01106635627,
        0.01152792627,
        0.01102251627,
        0.01090428527,
        0.01097413627,
        0.01089774627,
        0.01130103627,
        0.01145881527,
        0.01116944727,
        0.01104770627,
        0.011108726269999999,
        0.010882346269999999,
        0.01090763627,
        0.01103911627,
        0.011212136269999999,
        0.01101125627,
        0.010988386269999999,
        0.01086383627,
        0.010956856269999999,
        0.01098584627,
        0.01109142627,
        0.01134450527,
        0.01119280627,
        0.01097808627,
        0.01087557627,
        0.01161899627,
        0.01097720627,
        0.01085524527,
        0.01107028627,
        0.01143109627,
        0.01209424627,
        0.01106711627,
        0.01109578627,
        0.01150824527,
        0.01115408627,
        0.01096305627,
        0.01100060627,
        0.01201405627,
        0.011793406269999999,
        0.01123727627,
        0.01173619627,
        0.01118420627,
        0.01137518627,
        0.01156394627,
        0.01125517627,
        0.01157774627,
        0.01109992627,
        0.01098414627,
        0.01095472627
      ]
    }
  ]
}
