{
  "results": [
    {
      "command": "sleep .1; lcdexec -f",
      "mean": 0.11244802602153843,
      "stddev": 0.00029504752860883004,
      "median": 0.11241299856,
      "user": 0.006248016538461538,
      "system": 0.0006219273076923077,
      "min": 0.11195891356,
      "max": 0.11305427356,
      "times": [
        0.11208164256,
        0.11195891356,
        0.11230513256,
        0.11253866356,
        0.11217959456,
        0.11240138356,
        0.11275363356,
        0.11242461356,
        0.11288564256,
        0.11237172456,
        0.11305427356,
        0.11269828356,
        0.11230632456,
        0.11273915356,
        0.11260622356000001,
        0.11261407356,
        0.11202076456,
        0.11220232256,
        0.11246680456000001,
        0.11261389356,
        0.11214207456,
        0.11207589356,
        0.11296242456,
        0.11258480356,
        0.11227033456,
        0.11239008356
      ]
    }
  ]
}
