{
  "results": [
    {
      "command": "sudo lcdvc -f",
      "mean": 0.11112926716481486,
      "stddev": 0.0009157831554666142,
      "median": 0.11128975835,
      "user": 0.004327472037037036,
      "system": 0.001605199259259259,
      "min": 0.10830300035,
      "max": 0.11201330935,
      "times": [
        0.10860495835,
        0.11114043835,
        0.11188098935,
        0.11136115835,
        0.11196232935,
        0.11089814035000001,
        0.11128975835,
        0.11086677835,
        0.11156287835,
        0.11200801835,
        0.10952496835,
        0.11110599935,
        0.11124657835,
        0.10830300035,
        0.11133285935000001,
        0.11158363835,
        0.11111410935,
        0.11145456935,
        0.11201330935,
        0.11168444935,
        0.11151362935,
        0.11125499835,
        0.11195330935,
        0.11114458835,
        0.11107759035,
        0.11109636935,
        0.11151079935
      ]
    }
  ]
}
