{
  "results": [
    {
      "command": "sudo lcdvc -f",
      "mean": 0.11117917536055558,
      "stddev": 0.0009542402869194425,
      "median": 0.11144001280500002,
      "user": 0.00452831611111111,
      "system": 0.0013373814814814813,
      "min": 0.10818557380500002,
      "max": 0.11242246280500001,
      "times": [
        0.10818557380500002,
        0.11053461280500002,
        0.11175919280500002,
        0.11154033380500002,
        0.11198351380500002,
        0.11101373280500001,
        0.11176672380500001,
        0.11123401180500002,
        0.11120513380500001,
        0.11085786280500001,
        0.11163463180500001,
        0.11119911380500001,
        0.11169167280500002,
        0.10905897280500002,
        0.11234519280500001,
        0.111002834805,
        0.11116454180500002,
        0.11155575380500002,
        0.11159666380500001,
        0.11100783280500001,
        0.11132022180500001,
        0.112057203805,
        0.11149021280500002,
        0.11144001280500002,
        0.11144295380500001,
        0.10932676380500002,
        0.11242246280500001
      ]
    }
  ]
}
