{
  "results": [
    {
      "command": "lcdproc -f",
      "mean": 0.50101733192,
      "stddev": 0.00022570293332500055,
      "median": 0.5009553261199999,
      "user": 0.0005558,
      "system": 0.000264126,
      "min": 0.50074414512,
      "max": 0.50154121312,
      "times": [
        0.50074414512,
        0.50100514312,
        0.5009328131199999,
        0.50093776412,
        0.50154121312,
        0.50097097612,
        0.5012447061199999,
        0.50082821812,
        0.50093967612,
        0.50102866412
      ]
    }
  ]
}
