{
  "results": [
    {
      "command": "lcdproc -f -e 10 C M L T D U",
      "mean": 0.50832037356,
      "stddev": 0.001052528766415185,
      "median": 0.50842914866,
      "user": 0.0023448024999999997,
      "system": 0.000775359,
      "min": 0.50555695066,
      "max": 0.50934779366,
      "times": [
        0.50555695066,
        0.50848035466,
        0.50832544166,
        0.50828340366,
        0.50816093666,
        0.50840438366,
        0.50909515366,
        0.50934779366,
        0.50909540366,
        0.50845391366
      ]
    }
  ]
}
