{
  "results": [
    {
      "command": "sudo lcdvc -f",
      "mean": 0.10913127334074073,
      "stddev": 0.0003861088447799098,
      "median": 0.1091020646,
      "user": 0.004368689814814815,
      "system": 0.0014046814814814815,
      "min": 0.10814619360000001,
      "max": 0.10971601360000001,
      "times": [
        0.10814619360000001,
        0.1091020646,
        0.10940621360000001,
        0.1088229136,
        0.1092010436,
        0.1089402336,
        0.10898705460000001,
        0.1091609526,
        0.1096219346,
        0.1088355136,
        0.1090337026,
        0.1083764046,
        0.1092031636,
        0.1090048936,
        0.1091358826,
        0.1089711636,
        0.1089726936,
        0.1097098846,
        0.10971601360000001,
        0.1088620936,
        0.10925245360000001,
        0.1089054126,
        0.10965959360000001,
        0.1096906036,
        0.1091970936,
        0.1089880946,
        0.1096411146
      ]
    }
  ]
}
