{
  "results": [
    {
      "command": "sleep .01; LCDd -f",
      "mean": 0.011136162107075472,
      "stddev": 0.0002516547399414281,
      "median": 0.011073577175000002,
      "user": 0.000888164150943397,
      "system": 0.00010500913207547169,
      "min": 0.010775967175000001,
      "max": 0.012183117175,
      "times": [
        0.010828077175,
        0.010775967175000001,
        0.010843666175,
        0.010811607175000001,
        0.010902416175000002,
        0.010828887175000001,
        0.010939386175000001,
        0.010826586175000001,
        0.010816747175000002,
        0.010915706175000001,
        0.010793626175000001,
        0.010825377175000001,
        0.010879496175000001,
        0.010904757175000002,
        0.010962996175000001,
        0.010967686175000001,
        0.012183117175,
        0.011659116175000001,
        0.010870307175000002,
        0.010815306175,
        0.011010256175000002,
        0.011070717175000001,
        0.011258526175000002,
        0.011250277175000002,
        0.010858096175000002,
        0.010934556175000002,
        0.010976427175000001,
        0.010960176175000001,
        0.010970007175000001,
        0.011078166175000001,
        0.011188016175000001,
        0.011067277175000001,
        0.011071956175000001,
        0.011506666175000001,
        0.011317647175,
        0.011261166175000002,
        0.011109817175000002,
        0.010934226175,
        0.010953386175000001,
        0.011357977175000002,
        0.011135306175000002,
        0.010933517175,
        0.010916306175000001,
        0.011027006175000001,
        0.010893147175000001,
        0.011059996175000001,
        0.011817167175000002,
        0.010984646175000001,
        0.010982546175000002,
        0.010967697175,
        0.010981766175000001,
        0.011003127175000002,
        0.010875506175,
        0.011132506175000001,
        0.011324107175000002,
        0.011041236175000002,
        0.010959456175000002,
        0.010976547175000002,
        0.010921806175000002,
        0.010885887175000001,
        0.011086596175000001,
        0.011117526175000001,
        0.011075067175000002,
        0.011914806175000002,
        0.010980397175000002,
        0.011020266175000001,
        0.010986276175000002,
        0.010932397175000002,
        0.011104946175000002,
        0.011934886175000001,
        0.011093496175000002,
        0.011190556175000001,
        0.011455657175000002,
        0.011049896175,
        0.010962827175000002,
        0.011238326175000002,
        0.011052396175000001,
        0.011126757175000002,
        0.011938566175000002,
        0.010907807175000001,
        0.011110236175000001,
        0.011114476175000002,
        0.011254877175000002,
        0.011075466175000001,
        0.011719677175000002,
        0.011088126175,
        0.011124736175000002,
        0.011007597175000002,
        0.011531236175,
        0.011220337175000001,
        0.011354316175000002,
        0.011705566175000001,
        0.011129997175000001,
        0.010939626175000002,
        0.011035667175000001,
        0.010937766175000002,
        0.011171136175000002,
        0.010963737175000002,
        0.010909416175000002,
        0.010910057175000001,
        0.010929386175000002,
        0.010991496175000002,
        0.011052197175000002,
        0.010972296175000002,
        0.011055597175000001,
        0.011760406175000002,
        0.011224846175,
        0.011471437175000002,
        0.011134906175000002,
        0.011036017175000001,
        0.011373776175000001,
        0.011101446175000002,
        0.010847877175000001,
        0.011076816175000002,
        0.011066837175000002,
        0.011379416175000002,
        0.011113246175,
        0.010926436175000002,
        0.011006687175000002,
        0.011053526175000002,
        0.011314607175000001,
        0.011102737175000002,
        0.010859246175000002,
        0.011045286175000002,
        0.011020137175000002,
        0.011240966175000002,
        0.011028387175000001,
        0.010958006175000002,
        0.011103696175000002,
        0.011109777175000002,
        0.011275516175000002,
        0.011267987175,
        0.011054406175000002,
        0.011005926175000002,
        0.011108717175000001,
        0.011198556175,
        0.011269797175000002,
        0.011003806175000002,
        0.011424736175000002,
        0.011073577175000002,
        0.011375956175000002,
        0.011148367175000002,
        0.011081086175000001,
        0.011046416175000002,
        0.011519547175000002,
        0.011275946175,
        0.012050797175,
        0.011194256175000002,
        0.011088926175000001,
        0.011389047175000002,
        0.011105406175000002,
        0.010881307175000002,
        0.011067196175000002,
        0.011342816175000001,
        0.011347707175000001,
        0.010938736175000002,
        0.011373377175000001,
        0.011281467175000002,
        0.011462426175000002,
        0.011067726175000002,
        0.011325296175000001,
        0.011097577175000001,
        0.011102646175000001,
        0.011239727175000002,
        0.010973226175000001,
        0.011033267175000002,
        0.011158066175000002,
        0.010965156175,
        0.011081787175000002,
        0.011519026175000002,
        0.011386307175,
        0.011000316175000002,
        0.011022756175000002,
        0.011721577175000001,
        0.011077306175000001,
        0.010964457175000001,
        0.011002366175000002,
        0.010965467175000002,
        0.011266156175000002,
        0.011081936175000001,
        0.010889357175000001,
        0.010962856175,
        0.010975557175000001,
        0.011069796175000002,
        0.011007066175000002,
        0.010942547175000001,
        0.011320996175000002,
        0.011101097175000001,
        0.010969476175000001,
        0.010986636175000002,
        0.011369397175000002,
        0.011271836175000001,
        0.011303917175,
        0.011266016175,
        0.011243446175000001,
        0.011465947175000001,
        0.011073476175000001,
        0.010900547175,
        0.012035626175000001,
        0.011174497175,
        0.010914486175000002,
        0.011095736175,
        0.010989837175000001,
        0.011677976175000002,
        0.011070557175000002,
        0.011129466175000002,
        0.011445996175000002,
        0.011064427175000002,
        0.011089216175000001,
        0.011677646175000002,
        0.011042307175000002,
        0.010884307175000002,
        0.011004417175000001,
        0.011198067175000001,
        0.010935517175000001,
        0.010872007175000002,
        0.011002706175000002,
        0.010959797175000001,
        0.011118477175000002,
        0.011099327175000001,
        0.011299307175000002,
        0.011201227175000002,
        0.010964577175000002,
        0.010887417175000002,
        0.011145837175000001,
        0.011316377175000001,
        0.011716626175000001,
        0.011013816175000002,
        0.010993507175000002,
        0.011022996175,
        0.010969617175000002,
        0.010909047175000002,
        0.010971577175000002,
        0.010828827175000002,
        0.011245367175000002,
        0.011081617175,
        0.011057087175,
        0.010922587175000002,
        0.010862327175000002,
        0.010969097175000001,
        0.010974226175,
        0.011063467175000001,
        0.011643356175000001,
        0.010912027175000002,
        0.010940857175,
        0.011109766175,
        0.011122106175000002,
        0.011482397175,
        0.011206376175000001,
        0.011083216175000002,
        0.011537137175000002,
        0.011203746175000001,
        0.011085507175000002,
        0.011905246175000002,
        0.011207657175000002,
        0.011075066175000002,
        0.011322146175000002,
        0.011536927175000001,
        0.011461406175000001,
        0.011209067175000002,
        0.011062536175000002,
        0.011782097175,
