{
  "results": [
    {
      "command": "sleep .1; lcdexec -f",
      "mean": 0.10165103541689656,
      "stddev": 0.0003219469684464875,
      "median": 0.10159629721,
      "user": 0.0012220541379310344,
      "system": 0.0001543144827586207,
      "min": 0.10106771821,
      "max": 0.10249689821,
      "times": [
        0.10106771821,
        0.10140172821,
        0.10158087621,
        0.10125248821,
        0.10111864721000001,
        0.10149466821,
        0.10218726821,
        0.10189649721,
        0.10146638821000001,
        0.10156808621,
        0.10153951821,
        0.10166279621,
        0.10148291821000001,
        0.10167761721,
        0.10179863821,
        0.10167253821000001,
        0.10157535821000001,
        0.10211547821,
        0.10249689821,
        0.10155027821,
        0.10143490721000001,
        0.10162683921,
        0.10169233821000001,
        0.10159629721,
        0.10168981721,
        0.10141384821,
        0.10178543821000001,
        0.10167595821,
        0.10235817821
      ]
    }
  ]
}
