{
  "results": [
    {
      "command": "sleep .01; LCDd -f",
      "mean": 0.0349721614345238,
      "stddev": 0.0013139504654162354,
      "median": 0.034711066125,
      "user": 0.00648471,
      "system": 0.0020269494642857146,
      "min": 0.033443936125,
      "max": 0.041560005125,
      "times": [
        0.034868015125,
        0.034727186125000004,
        0.034007546125,
        0.033839215125,
        0.034589826125,
        0.033919495125,
        0.033708066125,
        0.034694946125,
        0.034428165125,
        0.035118776125,
        0.035618465125,
        0.036665116125,
        0.034800815125,
        0.035137286125,
        0.035845995125,
        0.034546285125,
        0.033551576125,
        0.034678896125,
        0.035226335125,
        0.034290676125,
        0.034197706125,
        0.034126915125,
        0.034777466125,
        0.036370815125,
        0.035182356125,
        0.034648685125,
        0.035158186125,
        0.035447305125,
        0.035268586125,
        0.036422295125000004,
        0.034750136125,
        0.034463786125,
        0.033931805125,
        0.034800066125,
        0.035029395125,
        0.035045895125000004,
        0.036201286125,
        0.036038165125,
        0.035009736125,
        0.035043785125,
        0.035040216125,
        0.034320336125,
        0.035544735125,
        0.035256855125,
        0.033797066125,
        0.034856746125,
        0.035054136125,
        0.034210805125,
        0.034390136125,
        0.034493866125,
        0.034522255125,
        0.034496436125,
        0.034372826125,
        0.033900286125,
        0.034643795125,
        0.039028226125,
        0.035382006125,
        0.035880136125,
        0.034615005125,
        0.036403945125,
        0.034408386125,
        0.035494546125,
        0.035272955125,
        0.041323865125,
        0.041560005125,
        0.034648445125,
        0.033443936125,
        0.034930996125,
        0.034973396125,
        0.033502595125,
        0.034875816125,
        0.034223516125,
        0.034316986125,
        0.033793696125,
        0.034598395125,
        0.034957326125,
        0.033911296125,
        0.034334315125,
        0.034100916125,
        0.034489196125,
        0.034160056125,
        0.034280135125,
        0.034312676125000004,
        0.035361236125
      ]
    }
  ]
}
