{
  "results": [
    {
      "command": "lcdproc -f",
      "mean": 0.5080846218149999,
      "stddev": 0.0012751130344840652,
      "median": 0.508614802315,
      "user": 0.0028579499999999997,
      "system": 0.0002352905,
      "min": 0.505322312815,
      "max": 0.508998175815,
      "times": [
        0.505322312815,
        0.506114124815,
        0.508433329815,
        0.508626021815,
        0.508932760815,
        0.508701143815,
        0.508391623815,
        0.508723141815,
        0.508998175815,
        0.508603582815
      ]
    }
  ]
}
