{
  "results": [
    {
      "command": "lcdproc -f",
      "mean": 0.5083380081150001,
      "stddev": 0.0011803869828261773,
      "median": 0.508564119315,
      "user": 0.0016579099999999999,
      "system": 0.0015136725,
      "min": 0.506166604315,
      "max": 0.509607527315,
      "times": [
        0.5062667833150001,
        0.508577293315,
        0.509203234315,
        0.509239396315,
        0.5087979503150001,
        0.508550945315,
        0.508437233315,
        0.5085331133150001,
        0.506166604315,
        0.509607527315
      ]
    }
  ]
}
