{
  "results": [
    {
      "command": "sudo lcdvc -f",
      "mean": 0.10392621366214286,
      "stddev": 0.0003765182685875588,
      "median": 0.103901973555,
      "user": 0.0026047999999999996,
      "system": 0.0011081742857142857,
      "min": 0.10311309305500001,
      "max": 0.104618793055,
      "times": [
        0.10311309305500001,
        0.103160463055,
        0.103271503055,
        0.104037535055,
        0.103773303055,
        0.103813654055,
        0.103818933055,
        0.103672333055,
        0.104618793055,
        0.104139023055,
        0.103885353055,
        0.104336743055,
        0.10399086305500001,
        0.103963592055,
        0.103711904055,
        0.104011993055,
        0.104218774055,
        0.10364929305500001,
        0.103911503055,
        0.104027602055,
        0.103677375055,
        0.10428816305500001,
        0.10369791305500001,
        0.104436003055,
        0.103892444055,
        0.104369173055,
        0.104556084055,
        0.103890573055
      ]
    }
  ]
}
