{
  "results": [
    {
      "command": "sudo lcdvc -f",
      "mean": 0.11236606043076926,
      "stddev": 0.0016774906606126976,
      "median": 0.11281271320000001,
      "user": 0.005790892692307691,
      "system": 0.0019226123076923078,
      "min": 0.11034098920000002,
      "max": 0.11676605820000001,
      "times": [
        0.11058783820000001,
        0.11292252920000001,
        0.1132205482,
        0.11287247920000001,
        0.11378717820000002,
        0.11245589920000001,
        0.11325705920000001,
        0.11349665920000002,
        0.11333732920000002,
        0.11285574820000001,
        0.11310092020000001,
        0.11338400820000001,
        0.11311224820000002,
        0.11276967820000001,
        0.11084247920000001,
        0.11592423920000001,
        0.11676605820000001,
        0.11067972820000001,
        0.11048462920000002,
        0.11071757920000001,
        0.11070031920000001,
        0.11134214920000002,
        0.11064462920000001,
        0.11087717920000001,
        0.11103746920000002,
        0.11034098920000002
      ]
    }
  ]
}
