{
  "results": [
    {
      "command": "sleep .1; lcdexec -f",
      "mean": 0.11115903307907408,
      "stddev": 0.0003730835911923663,
      "median": 0.111210892005,
      "user": 0.00604861888888889,
      "system": 0.0015210112962962962,
      "min": 0.11033615100500001,
      "max": 0.112027372005,
      "times": [
        0.11033615100500001,
        0.11047912200500001,
        0.111324143005,
        0.11076978200500001,
        0.112027372005,
        0.11082041200500001,
        0.11131265100500001,
        0.111574112005,
        0.110956183005,
        0.11077911200500001,
        0.111337032005,
        0.11095012100500001,
        0.111545693005,
        0.111038892005,
        0.111374122005,
        0.111623922005,
        0.11139805200500001,
        0.111210892005,
        0.111104690005,
        0.111062013005,
        0.111408661005,
        0.11085383200500001,
        0.111239552005,
        0.111451093005,
        0.110817652005,
        0.111029312005,
        0.11146932200500001
      ]
    }
  ]
}
