{
  "results": [
    {
      "command": "sudo lcdvc -f",
      "mean": 0.10388344476428575,
      "stddev": 0.00020187791217548417,
      "median": 0.1038863388,
      "user": 0.002532915,
      "system": 0.0011844239285714283,
      "min": 0.10336953780000001,
      "max": 0.10429152880000002,
      "times": [
        0.10336953780000001,
        0.10355804980000001,
        0.10412821880000002,
        0.10384929780000002,
        0.10414143880000001,
        0.10366702780000002,
        0.10391105880000001,
        0.10401437980000001,
        0.10386939880000001,
        0.10371882780000001,
        0.1040859778,
        0.10376245980000001,
        0.10360959780000001,
        0.10390327880000001,
        0.10385448880000002,
        0.10378236880000001,
        0.10382014880000001,
        0.10410434880000001,
        0.10385038880000001,
        0.10415044880000002,
        0.10367962980000002,
        0.10395249880000001,
        0.10429152880000002,
        0.10398299780000002,
        0.10400831980000001,
        0.10390900780000001,
        0.10383387880000002,
        0.10392784880000001
      ]
    }
  ]
}
