{
  "results": [
    {
      "command": "lcdproc -f",
      "mean": 0.5011290786700001,
      "stddev": 0.00014605673887458756,
      "median": 0.50104264347,
      "user": 0.0006718050000000001,
      "system": 0.000159451,
      "min": 0.50099758097,
      "max": 0.50140965797,
      "times": [
        0.50124248897,
        0.5013140379700001,
        0.5010381189700001,
        0.50140965797,
        0.50101661597,
        0.50099758097,
        0.5011662089700001,
        0.50102468997,
        0.50104716797,
        0.50103421897
      ]
    }
  ]
}
