{
  "results": [
    {
      "command": "lcdproc -f -e 10 cpu memory load time_date disk uptime",
      "mean": 0.51577715281,
      "stddev": 0.0018285757170085088,
      "median": 0.51550715671,
      "user": 0.008468635,
      "system": 0.0016286099999999997,
      "min": 0.5128804142100001,
      "max": 0.5188690142100001,
      "times": [
        0.5128804142100001,
        0.51403483221,
        0.5186598182100001,
        0.5188690142100001,
        0.5156136062100001,
        0.5156275452100001,
        0.5154007072100001,
        0.51525380421,
        0.51611889421,
        0.5153128922100001
      ]
    }
  ]
}
