{
  "results": [
    {
      "command": "lcdproc -f",
      "mean": 0.5162779156100001,
      "stddev": 0.0011277970468995878,
      "median": 0.5166270585100001,
      "user": 0.009361975000000002,
      "system": 0.0018666824999999999,
      "min": 0.51410908601,
      "max": 0.5171821980100001,
      "times": [
        0.51410908601,
        0.5165304890100001,
        0.5171821980100001,
        0.5171781500100001,
        0.5171160090100001,
        0.5165193090100001,
        0.51430827001,
        0.51638561801,
        0.5167263990100001,
        0.51672362801
      ]
    }
  ]
}
