{
  "results": [
    {
      "command": "sleep .1; lcdexec -f",
      "mean": 0.10179172979275865,
      "stddev": 0.000307608259740096,
      "median": 0.10172609231000002,
      "user": 0.0012977389655172418,
      "system": 0.00013649413793103446,
      "min": 0.10127548231000001,
      "max": 0.10259144331000002,
      "times": [
        0.10133085231000001,
        0.10162015331000002,
        0.10211438131000002,
        0.10179843231,
        0.10167385231,
        0.10179013331000002,
        0.10198562231000001,
        0.10161649331000001,
        0.10172609231000002,
        0.10186587231000001,
        0.10142840231000001,
        0.10209210331000002,
        0.10208522231000002,
        0.10214205231000001,
        0.10259144331000002,
        0.10151614231000002,
        0.10190720231000001,
        0.10151660231000001,
        0.10153606231000001,
        0.10154382331,
        0.10232089331000001,
        0.10170661231000001,
        0.10157658131000001,
        0.10127548231000001,
        0.10155993131,
        0.10173806331000002,
        0.10210667331,
        0.10208560231000001,
        0.10170938331000001
      ]
    }
  ]
}
