{
  "results": [
    {
      "command": "sleep .01; LCDd -f",
      "mean": 0.013752489536862745,
      "stddev": 0.0002019045899248677,
      "median": 0.01372213588,
      "user": 0.0020760706862745083,
      "system": 0.0006129480392156862,
      "min": 0.01326094088,
      "max": 0.014508410880000001,
      "times": [
        0.014203650880000002,
        0.014268949880000001,
        0.013973949880000001,
        0.01367425088,
        0.014057689880000002,
        0.014078259880000001,
        0.013975929880000001,
        0.013649330880000001,
        0.013679629880000002,
        0.013811139880000002,
        0.013479369880000001,
        0.013722670880000001,
        0.01378997988,
        0.013927390880000001,
        0.01400937988,
        0.01399799988,
        0.01370497988,
        0.013705420880000001,
        0.013935979880000001,
        0.013665660880000001,
        0.013559258880000001,
        0.013563880880000002,
        0.01410314988,
        0.013781280880000002,
        0.013643539880000001,
        0.01349144988,
        0.013930419880000001,
        0.01380420088,
        0.013821369880000002,
        0.013432480880000002,
        0.01329350888,
        0.01398617088,
        0.013832839880000001,
        0.013569450880000002,
        0.01375205988,
        0.013626869880000001,
        0.013579909880000001,
        0.013633250880000001,
        0.013560499880000002,
        0.01347454988,
        0.01346684088,
        0.01391443988,
        0.013780650880000002,
        0.01372944088,
        0.013680300880000001,
        0.013525149880000002,
        0.013311250880000002,
        0.013613759880000001,
        0.013663670880000001,
        0.013655979880000002,
        0.013704629880000001,
        0.01378038988,
        0.01370608088,
        0.013798549880000002,
        0.014150069880000001,
        0.013861609880000002,
        0.014243650880000002,
        0.014184179880000002,
        0.013703029880000002,
        0.014214190880000001,
        0.013691159880000001,
        0.014055439880000001,
        0.013748719880000001,
        0.013855420880000002,
        0.013869359880000001,
        0.013640420880000002,
        0.013971708880000001,
        0.013697110880000002,
        0.013563729880000002,
        0.013694870880000001,
        0.013769969880000002,
        0.013895760880000002,
        0.013975668880000002,
        0.013702040880000002,
        0.013987499880000002,
        0.013978260880000001,
        0.013870239880000001,
        0.013886489880000002,
        0.01342719988,
        0.013688720880000001,
        0.013710999880000001,
        0.013587139880000002,
        0.01345543088,
        0.01370965988,
        0.013634199880000001,
        0.01379836088,
        0.014208109880000002,
        0.013637469880000001,
        0.01362903988,
        0.013571570880000002,
        0.013779079880000001,
        0.01361964088,
        0.013719159880000002,
        0.014145249880000002,
        0.013693549880000001,
        0.014149310880000002,
        0.01370233988,
        0.01351096088,
        0.013582218880000002,
        0.013504330880000002,
        0.013844539880000001,
        0.013693040880000002,
        0.013631009880000001,
        0.01410869988,
        0.01357650988,
        0.013624110880000002,
        0.01390038988,
        0.01377383088,
        0.01358494988,
        0.013950599880000001,
        0.013982289880000002,
        0.014003770880000002,
        0.01377395988,
        0.013788380880000001,
        0.01367577988,
        0.013328869880000002,
        0.013865509880000002,
        0.013725760880000002,
        0.013643229880000001,
        0.014081490880000002,
        0.013840218880000001,
        0.013793900880000001,
        0.013964609880000001,
        0.013489770880000002,
        0.01367195988,
        0.01326094088,
        0.013871188880000001,
        0.013753060880000001,
        0.013592079880000002,
        0.01366548088,
        0.013657239880000002,
        0.01369626988,
        0.01387381988,
        0.013745440880000001,
        0.013567329880000001,
        0.013576040880000001,
        0.013936499880000001,
        0.013729479880000001,
        0.013586569880000001,
        0.013551330880000002,
        0.014054979880000002,
        0.013948190880000001,
        0.013809969880000002,
        0.013590839880000002,
        0.01373307988,
        0.013668010880000001,
        0.013833699880000001,
        0.013799420880000001,
        0.013606448880000002,
        0.013557830880000002,
        0.013408179880000001,
        0.01369992088,
        0.01350841988,
        0.013909890880000001,
        0.01357446988,
        0.01346222988,
        0.013937629880000002,
        0.013753490880000002,
        0.013615959880000002,
        0.013969299880000001,
        0.013727259880000002,
        0.013696580880000002,
        0.01374647988,
        0.013741500880000002,
        0.013538279880000002,
        0.013599039880000002,
        0.013774378880000002,
        0.01353988088,
        0.013613999880000002,
        0.013616240880000002,
        0.01345902988,
        0.013588099880000001,
        0.013809039880000002,
        0.013500020880000001,
        0.013498119880000001,
        0.01354717088,
        0.013691979880000002,
        0.013650529880000001,
        0.013875960880000001,
        0.013590510880000002,
        0.013675709880000001,
        0.013751460880000002,
        0.013789569880000001,
        0.013673059880000001,
        0.01389275088,
        0.01372712088,
        0.01372160088,
        0.01383207988,
        0.013910779880000002,
        0.013902609880000001,
        0.014017100880000001,
        0.01410185088,
        0.013718929880000001,
        0.013779240880000002,
        0.013601749880000001,
        0.013871699880000001,
        0.01379788988,
        0.01352671088,
        0.014144249880000001,
        0.014508410880000001,
        0.013666790880000002,
        0.01397750988,
        0.013783749880000001,
        0.01375197088
      ]
    }
  ]
}
