{
  "results": [
    {
      "command": "sleep .01; LCDd -f",
      "mean": 0.04803681923451612,
      "stddev": 0.0018948905843583224,
      "median": 0.04758753167,
      "user": 0.010796964838709676,
      "system": 0.004433653870967742,
      "min": 0.04653620167,
      "max": 0.05731713067,
      "times": [
        0.04730415167,
        0.046571311670000004,
        0.04662584067,
        0.04758984167,
        0.04706293067,
        0.046640192670000004,
        0.04706856067,
        0.04807198167,
        0.04712008067,
        0.047589621670000005,
        0.04653620167,
        0.048296950670000005,
        0.04805868067,
        0.04804048167,
        0.04727419167,
        0.055879820670000004,
        0.04993820167,
        0.04696939067,
        0.04684431167,
        0.048824240670000005,
        0.04773099267,
        0.047714440670000004,
        0.047029441670000005,
        0.047437151670000004,
        0.04825070167,
        0.04738871067,
        0.048696591670000004,
        0.04712870167,
        0.04751003167,
        0.04948288167,
        0.047879251670000005,
        0.051004930670000004,
        0.047807010670000004,
        0.04797005167,
        0.04762314167,
        0.04730468167,
        0.04750186067,
        0.047046261670000006,
        0.047527360670000005,
        0.04752493167,
        0.04740429167,
        0.04732521067,
        0.05310978067,
        0.047910231670000004,
        0.04758544167,
        0.05731713067,
        0.04794794167,
        0.04687372167,
        0.047307061670000004,
        0.04761122067,
        0.047540491670000004,
        0.048529840670000005,
        0.04773386167,
        0.047322261670000004,
        0.04796311167,
        0.04668818067,
        0.04780235167,
        0.047965610670000006,
        0.04818722267,
        0.04676508067,
        0.04699412167,
        0.04853251067
      ]
    }
  ]
}
