{
  "results": [
    {
      "command": "sleep .1; lcdexec -f",
      "mean": 0.10882316808142854,
      "stddev": 0.0012264292894576465,
      "median": 0.10898239601,
      "user": 0.002550497142857142,
      "system": 0.0009206951785714286,
      "min": 0.10588428551,
      "max": 0.11218272551,
      "times": [
        0.10593613551,
        0.10857273451,
        0.10907847551,
        0.10933198451000001,
        0.10881548651,
        0.10940575451,
        0.10902510651,
        0.10865305551,
        0.10931413651,
        0.10863201551,
        0.10944890551,
        0.10807602651,
        0.10649145551,
        0.10588428551,
        0.10828092551,
        0.10935217451,
        0.10853698551,
        0.10884766551,
        0.11218272551,
        0.10876401551,
        0.10924660451,
        0.10855652751,
        0.10912866551,
        0.10902363551,
        0.11052910551,
        0.10940156551,
        0.10894115651,
        0.10959139551
      ]
    }
  ]
}
