{
  "results": [
    {
      "command": "sudo lcdvc -f",
      "mean": 0.10385934312857141,
      "stddev": 0.00030826908768201357,
      "median": 0.10381298595,
      "user": 0.002522234285714285,
      "system": 0.0010999235714285714,
      "min": 0.10316563645,
      "max": 0.10448712645000001,
      "times": [
        0.10316563645,
        0.10351867545,
        0.10402654645000001,
        0.10411120545000001,
        0.10361270645000001,
        0.10386397645,
        0.10382337545,
        0.10370770745,
        0.10441543645000001,
        0.10387603545,
        0.10448712645000001,
        0.10370639645,
        0.10345087545000001,
        0.10354855645000001,
        0.10430667545000001,
        0.10415835645,
        0.10367846445000001,
        0.10389427645,
        0.10383868545000001,
        0.10380259645,
        0.10369637545,
        0.10378405545000001,
        0.10358357545,
        0.10427813545,
        0.10424142645000001,
        0.10399074645,
        0.10371327545,
        0.10378070645000001
      ]
    }
  ]
}
