{
  "results": [
    {
      "command": "sleep .1; lcdexec -f",
      "mean": 0.10157975701862072,
      "stddev": 0.000251359935508348,
      "median": 0.10149048226,
      "user": 0.0012049860344827583,
      "system": 0.00012019620689655172,
      "min": 0.10123681026,
      "max": 0.10214625126,
      "times": [
        0.10123681026,
        0.10137923226000001,
        0.10150622126,
        0.10195519126000001,
        0.10133964026,
        0.10131763126000001,
        0.10127749126,
        0.10166618126,
        0.10138736126,
        0.10148332126000001,
        0.10143202126,
        0.10214625126,
        0.10136272026000001,
        0.10160924126000001,
        0.10161095126000001,
        0.10149048226,
        0.10190513126,
        0.10155044126000001,
        0.10206242026000001,
        0.10163042126,
        0.10145813126,
        0.10138287126000001,
        0.10206734126,
        0.10159700126,
        0.10147294126,
        0.10145631126,
        0.10182064026000001,
        0.10141191126,
        0.10179664126
      ]
    }
  ]
}
