{
  "results": [
    {
      "command": "sleep .1; lcdexec -f",
      "mean": 0.10881377507537035,
      "stddev": 0.0010761591583311157,
      "median": 0.108952193705,
      "user": 0.0026056368518518514,
      "system": 0.0008987731481481479,
      "min": 0.106204573705,
      "max": 0.11108858370500001,
      "times": [
        0.108311043705,
        0.108391503705,
        0.110226543705,
        0.109484683705,
        0.108757693705,
        0.108981042705,
        0.106204573705,
        0.108149963705,
        0.108946952705,
        0.108952193705,
        0.11108858370500001,
        0.109040633705,
        0.109043303705,
        0.108875093705,
        0.109218443705,
        0.109069593705,
        0.10948016370500001,
        0.108890002705,
        0.109663563705,
        0.109087074705,
        0.109755833705,
        0.108444352705,
        0.108626174705,
        0.109572772705,
        0.10646402470500001,
        0.106364753705,
        0.108881362705
      ]
    }
  ]
}
