{
  "results": [
    {
      "command": "sleep .01; LCDd -f",
      "mean": 0.03464509341151685,
      "stddev": 0.001548386272694212,
      "median": 0.034320273625,
      "user": 0.006379080393258427,
      "system": 0.0017337617977528088,
      "min": 0.032940324625,
      "max": 0.045336452625,
      "times": [
        0.033000303625000005,
        0.034015353625,
        0.032940324625,
        0.036795753625000004,
        0.03387361362500001,
        0.033875263625000006,
        0.035061404625,
        0.03455162362500001,
        0.033702023625,
        0.035176013625,
        0.034251604625,
        0.034282633625,
        0.034352203625,
        0.03474198462500001,
        0.034485943625,
        0.03545797362500001,
        0.035303424625,
        0.035468313625000004,
        0.033948014625,
        0.033540553625000004,
        0.034475374625000006,
        0.033994123625000004,
        0.034840643625,
        0.035097203625000004,
        0.034143894625000004,
        0.034566494625000006,
        0.034483234625000005,
        0.034115543625,
        0.035291773625,
        0.034551724625,
        0.034195253625000005,
        0.034013373625,
        0.035369314625,
        0.034377963625,
        0.034102353625000005,
        0.03413823362500001,
        0.034980614625,
        0.034320273625,
        0.033444783625,
        0.035230404625,
        0.03477884362500001,
        0.036148723625000004,
        0.034956374625,
        0.033666824625,
        0.036649863625,
        0.034558323625000005,
        0.034206513625000004,
        0.033892914625000006,
        0.034539373625,
        0.033695813625,
        0.034287084625000006,
        0.040129222625,
        0.03808486362500001,
        0.034145434625000005,
        0.033940353625,
        0.034303063625000005,
        0.034186244625,
        0.033720923625,
        0.033602253625,
        0.033581314625000004,
        0.033599133625000006,
        0.036731114625000005,
        0.034755553625000005,
        0.034161034625,
        0.033495134625000006,
        0.034522353625,
        0.034420233625000005,
        0.033578664625000004,
        0.035460903625000005,
        0.034164484625000005,
        0.034147123625000005,
        0.034376363625,
        0.033974294625000005,
        0.03392957462500001,
        0.033252933625,
        0.033853623625,
        0.034375984625,
        0.03511416362500001,
        0.033463334625,
        0.035166483625,
        0.034909153625,
        0.033502685625,
        0.034403273625,
        0.035120953625000007,
        0.033559034625000005,
        0.034222303625000006,
        0.034533243625,
        0.035652483625,
        0.045336452625
      ]
    }
  ]
}
