{
  "results": [
    {
      "command": "sleep .01; LCDd -f",
      "mean": 0.045646417621875005,
      "stddev": 0.0005081201978815211,
      "median": 0.045552611575000006,
      "user": 0.03109237999999999,
      "system": 0.0016229765625000003,
      "min": 0.045062526575000005,
      "max": 0.049058306575,
      "times": [
        0.046062846575000004,
        0.045672735575000005,
        0.045382446575000006,
        0.045839606575000004,
        0.045436846575,
        0.045763826575000006,
        0.045353746575000006,
        0.04549825657500001,
        0.046274355575,
        0.04543232657500001,
        0.046003376575000005,
        0.04555388657500001,
        0.045306116575000006,
        0.045975416575000004,
        0.045456456575000005,
        0.04578644657500001,
        0.045387066575,
        0.045456366575000004,
        0.046054975575000004,
        0.045412586575000004,
        0.04568447657500001,
        0.04605818657500001,
        0.045462006575000005,
        0.045420746575000004,
        0.045728636575,
        0.045415956575000006,
        0.045731186575000006,
        0.04603035657500001,
        0.04604249657500001,
        0.045551336575000004,
        0.04535271757500001,
        0.04535172657500001,
        0.045624656575000005,
        0.045368566575000005,
        0.045928406575000004,
        0.045523766575000006,
        0.045464706575000007,
        0.045603806575,
        0.045556816575000006,
        0.045333696575000006,
        0.045187236575000005,
        0.04546351657500001,
        0.04536969657500001,
        0.04574191557500001,
        0.045686906575000005,
        0.049058306575,
        0.045384556575000005,
        0.045222276575000005,
        0.045146386575,
        0.045953866575,
        0.045570896575000006,
        0.045386446575,
        0.045302366575,
        0.04589553657500001,
        0.045454326575,
        0.045663666575000005,
        0.045705566575,
        0.04557202657500001,
        0.04522369657500001,
        0.045908926575,
        0.04585217657500001,
        0.04551594657500001,
        0.045062526575000005,
        0.04569801657500001
      ]
    }
  ]
}
