{
  "results": [
    {
      "command": "sleep .01; LCDd -f -p 9993 -r 5",
      "mean": 0.04602310527937499,
      "stddev": 0.000554927092570015,
      "median": 0.04588625867,
      "user": 0.031510468125,
      "system": 0.0015152646093749998,
      "min": 0.04532990267,
      "max": 0.04954311267,
      "times": [
        0.04600243367,
        0.04611917267,
        0.04588848367,
        0.045679423670000004,
        0.04642395267,
        0.04595002367,
        0.04561439367,
        0.04578642267,
        0.04573554367,
        0.04569060367,
        0.04581186367,
        0.045863562670000003,
        0.04708509467,
        0.04576336267,
        0.04599331367,
        0.04615140267,
        0.045722913670000004,
        0.04639941467,
        0.04568090267,
        0.04605569367,
        0.04574571367,
        0.04532990267,
        0.045984593670000004,
        0.046007123670000004,
        0.04580899267,
        0.04562258367,
        0.04954311267,
        0.04588403367,
        0.04584597367,
        0.04600164267,
        0.04607632367,
        0.04636746367,
        0.04575648367,
        0.04652426367,
        0.046063823670000004,
        0.04598425367,
        0.04570441267,
        0.04572936367,
        0.04604582367,
        0.04575444367,
        0.04582852267,
        0.04635270467,
        0.04576707267,
        0.04580324367,
        0.04570012267,
        0.04582348267,
        0.04610008367,
        0.04679096367,
        0.04602929267,
        0.04580588367,
        0.04607439367,
        0.04553548367,
        0.046286363670000004,
        0.04605651267,
        0.04570682367,
        0.04559266367,
        0.04554379367,
        0.04694840267,
        0.04631171367,
        0.046172503670000004,
        0.046068463670000004,
        0.04573948267,
        0.04642817367,
        0.04581428367
      ]
    }
  ]
}
